order_id,customer_id,order_date,region,product_category,quantity,sales,cost
ORD00001,CUST0328,25-04-2023,North,Clothing,2,1271.41,929.92
ORD00002,CUST0347,31-03-2023,West,Electronics,1,649.74,327.92
ORD00003,CUST0309,28-01-2023,South,Home Appliances,4,1258.11,836.86
ORD00004,CUST0004,13-06-2023,West,Clothing,3,946.3,786.13
ORD00005,CUST0173,15-04-2023,North,Office Supplies,1,1923.1,1066.9
ORD00006,CUST0136,14-02-2023,West,Home Appliances,1,4870.96,2778.11
ORD00007,CUST0283,28-10-2023,East,Home Appliances,2,3581.94,1506.64
ORD00008,CUST0117,24-10-2023,North,Furniture,1,2024.61,1222.93
ORD00009,CUST0187,16-06-2023,East,Clothing,2,3416.84,2445.84
ORD00010,CUST0350,15-03-2023,South,Home Appliances,2,984.33,561.81
ORD00011,CUST0328,13-08-2023,East,Electronics,2,4144.65,3159.34
ORD00012,CUST0206,02-10-2023,North,Furniture,5,4406.56,2386.62
ORD00013,CUST0336,26-05-2024,West,Office Supplies,2,1471.42,751.87
ORD00014,CUST0288,27-09-2023,West,Home Appliances,4,1937.58,1644.61
ORD00015,CUST0071,05-06-2024,West,Electronics,1,4333.29,2031.35
ORD00016,CUST0082,08-03-2024,North,Office Supplies,4,3060.26,1868.66
ORD00017,CUST0129,12-01-2023,North,Home Appliances,3,3889.27,2151.07
ORD00018,CUST0151,21-03-2024,South,Office Supplies,1,4778.32,3794.63
ORD00019,CUST0135,27-05-2024,South,Home Appliances,1,4378.49,2339.43
ORD00020,CUST0328,03-06-2024,South,Furniture,3,3860.05,2480.93
ORD00021,CUST0399,01-01-2023,East,Office Supplies,1,736.97,415.17
ORD00022,CUST0158,03-09-2023,North,Furniture,5,4745.36,2081.05
ORD00023,CUST0249,12-03-2023,South,Furniture,4,4744.87,2250.53
ORD00024,CUST0271,09-03-2024,South,Home Appliances,2,3622.16,2099.21
ORD00025,CUST0344,18-01-2024,West,Home Appliances,4,780.82,391.28
ORD00026,CUST0174,22-01-2023,South,Home Appliances,2,234.52,168.51
ORD00027,CUST0031,23-08-2023,North,Electronics,3,540.12,273.9
ORD00028,CUST0343,12-05-2024,South,Home Appliances,2,3672.09,2926.92
ORD00029,CUST0296,29-04-2024,South,Office Supplies,4,1113.97,494.18
ORD00030,CUST0221,29-12-2023,West,Office Supplies,4,4346.42,1844.52
ORD00031,CUST0335,11-04-2023,North,Office Supplies,3,4042.84,1815.93
ORD00032,CUST0099,14-07-2023,West,Furniture,4,1080.74,657.29
ORD00033,CUST0039,29-03-2024,North,Electronics,5,4212.93,3522.21
ORD00034,CUST0386,31-08-2023,South,Office Supplies,4,2510.52,1981.03
ORD00035,CUST0031,18-06-2023,West,Electronics,4,1472.97,1108.9
ORD00036,CUST0233,20-10-2023,West,Home Appliances,4,943.02,503.12
ORD00037,CUST0030,04-03-2023,East,Electronics,1,3004.05,1881.38
ORD00038,CUST0272,11-06-2023,North,Home Appliances,1,4286.44,1846.75
ORD00039,CUST0035,29-08-2023,West,Electronics,5,1381.83,922.42
ORD00040,CUST0318,25-03-2023,West,Home Appliances,5,2709.36,2223.35
ORD00041,CUST0105,18-11-2023,South,Clothing,4,828.22,571.87
ORD00042,CUST0235,20-11-2023,North,Electronics,4,3181.56,2078.66
ORD00043,CUST0052,17-03-2023,South,Home Appliances,3,835.79,465.58
ORD00044,CUST0036,08-09-2023,East,Clothing,2,2303.29,1484.35
ORD00045,CUST0155,09-01-2023,East,Electronics,2,1469.44,1176.1
ORD00046,CUST0381,09-06-2023,East,Clothing,5,1211.02,671.26
ORD00047,CUST0352,28-09-2023,West,Clothing,1,643.03,379.78
ORD00048,CUST0142,15-02-2023,North,Clothing,2,3258.14,1687.33
ORD00049,CUST0380,28-03-2024,West,Home Appliances,1,736.99,608.22
ORD00050,CUST0354,02-06-2023,North,Clothing,5,2852.12,1692.46
ORD00051,CUST0022,12-11-2023,East,Electronics,3,1208.37,619.03
ORD00052,CUST0053,29-12-2023,West,Home Appliances,2,4643.67,2352.17
ORD00053,CUST0084,01-07-2023,West,Electronics,2,3735.51,2052.6
ORD00054,CUST0211,12-09-2023,East,Furniture,1,2036.2,849.96
ORD00055,CUST0241,16-08-2023,South,Office Supplies,3,1664.92,1261.85
ORD00056,CUST0117,17-08-2023,North,Furniture,4,1775.66,1400.92
ORD00057,CUST0396,13-10-2023,East,Home Appliances,4,3461.69,2698.9
ORD00058,CUST0170,29-01-2023,North,Clothing,2,2986.83,2516.7
ORD00059,CUST0020,22-04-2023,West,Clothing,3,2294.69,1934.21
ORD00060,CUST0060,30-01-2024,South,Clothing,1,3602.17,1443.61
ORD00061,CUST0276,21-07-2023,East,Office Supplies,1,4754.6,3871.89
ORD00062,CUST0320,18-11-2023,North,Clothing,5,1684.57,983.41
ORD00063,CUST0207,30-10-2023,South,Furniture,4,3391.66,1935.33
ORD00064,CUST0384,28-06-2023,East,Office Supplies,5,4201.88,2255.33
ORD00065,CUST0108,16-03-2024,East,Office Supplies,4,2322.37,1152.28
ORD00066,CUST0243,23-06-2023,North,Clothing,5,3386.5,2298.31
ORD00067,CUST0048,29-08-2023,East,Furniture,2,907.3,381.79
ORD00068,CUST0244,16-03-2023,West,Office Supplies,5,1133.29,808.44
ORD00069,CUST0254,14-02-2024,South,Furniture,1,4484.77,3530.4
ORD00070,CUST0055,11-03-2024,South,Furniture,5,2429.84,1581.42
ORD00071,CUST0063,12-04-2024,South,Office Supplies,5,4941.88,3300.95
ORD00072,CUST0387,29-03-2024,West,Home Appliances,4,4506.6,3310.75
ORD00073,CUST0244,05-04-2024,East,Furniture,3,3875.91,2459.59
ORD00074,CUST0321,02-09-2023,East,Office Supplies,1,3625.02,1832.53
ORD00075,CUST0172,24-11-2023,North,Furniture,2,1310.06,933.13
ORD00076,CUST0362,08-08-2023,North,Office Supplies,4,1788.23,1090.22
ORD00077,CUST0032,31-07-2023,West,Office Supplies,5,4741.1,1938.11
ORD00078,CUST0392,25-01-2024,West,Electronics,3,1633.34,939.98
ORD00079,CUST0215,14-08-2023,West,Furniture,3,2292.01,946.74
ORD00080,CUST0173,19-02-2024,South,Office Supplies,2,4907.47,3142.53
ORD00081,CUST0202,28-01-2023,North,Office Supplies,2,4360.89,2100.98
ORD00082,CUST0134,24-01-2024,East,Furniture,4,1768.86,1313.47
ORD00083,CUST0195,12-10-2023,West,Clothing,1,2457.47,1811.31
ORD00084,CUST0027,25-12-2023,South,Electronics,1,3820.32,3160.65
ORD00085,CUST0103,21-01-2023,South,Furniture,2,2473.09,1116.54
ORD00086,CUST0112,21-04-2024,East,Clothing,2,3108.28,2591.31
ORD00087,CUST0368,28-04-2023,South,Clothing,1,2977.69,2435.75
ORD00088,CUST0295,20-01-2024,West,Furniture,1,3042.07,2353.82
ORD00089,CUST0125,15-04-2023,East,Home Appliances,1,4021.89,2633.01
ORD00090,CUST0022,22-12-2023,West,Clothing,1,2628.61,1455.08
ORD00091,CUST0216,16-05-2024,North,Office Supplies,3,3250.81,2512.61
ORD00092,CUST0363,06-06-2023,West,Furniture,5,4834.27,2521.25
ORD00093,CUST0276,10-05-2024,West,Office Supplies,5,1488.3,1165.74
ORD00094,CUST0045,13-10-2023,West,Furniture,4,2935.28,2056.71
ORD00095,CUST0173,30-01-2023,West,Clothing,2,2540.24,1421.7
ORD00096,CUST0133,15-12-2023,East,Home Appliances,3,2867.8,1813.83
ORD00097,CUST0098,29-03-2023,South,Office Supplies,4,2864.85,1455.76
ORD00098,CUST0244,17-05-2024,West,Electronics,1,1612.33,938.34
ORD00099,CUST0125,10-11-2023,East,Office Supplies,5,2748.43,1625.63
ORD00100,CUST0382,05-12-2023,East,Office Supplies,3,1671.79,842.15
ORD00101,CUST0370,17-07-2023,East,Electronics,5,4764.21,3385.32
ORD00102,CUST0099,10-08-2023,West,Clothing,5,4887.71,3109.01
ORD00103,CUST0145,13-04-2023,South,Clothing,2,1932.23,1035.71
ORD00104,CUST0363,10-05-2023,East,Electronics,1,2856.12,2038.81
ORD00105,CUST0065,17-05-2024,North,Electronics,5,1564.83,963.03
ORD00106,CUST0175,08-07-2023,North,Clothing,4,747.62,321.03
ORD00107,CUST0252,17-03-2023,North,Furniture,2,4093.48,3385.74
ORD00108,CUST0044,12-09-2023,North,Home Appliances,4,3110.32,2350.88
ORD00109,CUST0116,19-06-2024,West,Office Supplies,4,1627.3,1081.89
ORD00110,CUST0220,09-11-2023,North,Home Appliances,1,4748.43,2343.37
ORD00111,CUST0109,28-09-2023,North,Furniture,2,1034.31,448.66
ORD00112,CUST0002,23-02-2024,West,Home Appliances,4,1598.04,805.67
ORD00113,CUST0362,17-10-2023,West,Electronics,2,4634.77,3497.04
ORD00114,CUST0321,22-07-2023,West,Electronics,5,1279.09,597.39
ORD00115,CUST0137,26-05-2023,North,Electronics,2,4004.62,2674.16
ORD00116,CUST0292,23-10-2023,West,Electronics,4,3505.65,2506.12
ORD00117,CUST0140,27-05-2024,West,Office Supplies,1,3070.58,2457.2
ORD00118,CUST0377,27-11-2023,East,Electronics,1,1298.84,913.65
ORD00119,CUST0295,22-01-2023,East,Home Appliances,1,3862.92,1849.7
ORD00120,CUST0266,28-03-2024,East,Furniture,5,2292.25,1756.8
ORD00121,CUST0047,26-04-2024,East,Office Supplies,3,1741.08,778.38
ORD00122,CUST0083,04-12-2023,West,Office Supplies,3,3380.4,1961.32
ORD00123,CUST0390,07-02-2023,West,Electronics,3,1411.51,638.24
ORD00124,CUST0396,18-02-2024,North,Home Appliances,4,2183.59,1057.76
ORD00125,CUST0186,25-05-2024,West,Electronics,2,1481.87,680.11
ORD00126,CUST0148,24-03-2024,West,Electronics,1,4871.1,3283.08
ORD00127,CUST0123,12-06-2023,East,Home Appliances,1,2850.81,1259.9
ORD00128,CUST0059,17-04-2024,North,Furniture,4,4676.73,2484.92
ORD00129,CUST0362,07-10-2023,West,Office Supplies,4,1369.91,887.8
ORD00130,CUST0197,15-07-2023,South,Electronics,3,3908.84,3066.43
ORD00131,CUST0175,03-06-2024,East,Electronics,3,3685.04,2862.78
ORD00132,CUST0297,16-05-2024,South,Office Supplies,5,2524.84,1387.65
ORD00133,CUST0391,22-01-2024,West,Clothing,2,4907.72,2490.48
ORD00134,CUST0197,28-08-2023,West,Electronics,3,3774.58,2707.7
ORD00135,CUST0196,31-01-2024,South,Office Supplies,1,805.98,672.52
ORD00136,CUST0170,13-04-2023,West,Electronics,5,4570.12,1859.61
ORD00137,CUST0074,24-02-2024,South,Electronics,4,3951.32,2051.76
ORD00138,CUST0320,12-02-2024,North,Clothing,5,2024.05,1098.04
ORD00139,CUST0368,14-05-2024,North,Home Appliances,1,1326.9,939.42
ORD00140,CUST0148,21-08-2023,North,Office Supplies,1,3849.77,2759.33
ORD00141,CUST0052,30-03-2024,South,Clothing,1,420.76,319.05
ORD00142,CUST0151,03-01-2024,East,Office Supplies,2,1372.15,803.29
ORD00143,CUST0350,04-07-2023,South,Furniture,1,3125.56,1788.27
ORD00144,CUST0350,04-09-2023,West,Home Appliances,2,1314.5,903.14
ORD00145,CUST0236,19-09-2023,North,Office Supplies,3,3452.53,1626.45
ORD00146,CUST0227,20-12-2023,East,Office Supplies,3,2392.81,1282.44
ORD00147,CUST0197,09-05-2024,North,Furniture,4,2945.23,1939.92
ORD00148,CUST0359,30-10-2023,North,Office Supplies,3,238.87,188.54
ORD00149,CUST0399,20-02-2023,West,Clothing,2,3113.91,1739.26
ORD00150,CUST0326,14-07-2023,East,Furniture,1,4536.34,3133.95
ORD00151,CUST0159,27-03-2024,North,Home Appliances,3,3715.33,1636.83
ORD00152,CUST0152,01-12-2023,West,Furniture,2,834.37,536.28
ORD00153,CUST0188,28-05-2024,East,Furniture,3,4587.43,3784.1
ORD00154,CUST0152,13-12-2023,North,Office Supplies,1,875.63,731.09
ORD00155,CUST0347,11-02-2024,East,Electronics,4,266.81,171.15
ORD00156,CUST0233,13-01-2024,East,Home Appliances,4,4147.6,3414.02
ORD00157,CUST0056,28-08-2023,West,Electronics,5,4444.33,2900.52
ORD00158,CUST0313,15-08-2023,North,Office Supplies,3,3316.35,1500.66
ORD00159,CUST0024,08-02-2023,East,Office Supplies,1,666.52,532.73
ORD00160,CUST0070,02-02-2024,West,Clothing,5,2211.81,1623.52
ORD00161,CUST0080,29-02-2024,North,Office Supplies,5,2158.96,1788.02
ORD00162,CUST0017,15-01-2024,South,Office Supplies,4,4762.66,3738.46
ORD00163,CUST0051,12-01-2024,East,Electronics,4,1524.23,1273.79
ORD00164,CUST0233,04-04-2023,South,Home Appliances,1,442.78,243.56
ORD00165,CUST0065,30-07-2023,North,Home Appliances,2,3014.64,2308.83
ORD00166,CUST0120,03-12-2023,South,Home Appliances,1,1530.92,1290.28
ORD00167,CUST0067,14-09-2023,South,Electronics,1,832.66,467.3
ORD00168,CUST0122,28-11-2023,North,Furniture,3,451.52,331.31
ORD00169,CUST0270,27-04-2023,North,Office Supplies,4,3934.48,2482.49
ORD00170,CUST0056,07-04-2024,South,Home Appliances,1,3690.77,2985.61
ORD00171,CUST0338,17-06-2024,East,Office Supplies,1,491.96,302.82
ORD00172,CUST0206,12-03-2024,North,Office Supplies,4,552.76,241.2
ORD00173,CUST0312,01-06-2023,North,Furniture,3,3196.72,2120.75
ORD00174,CUST0365,29-11-2023,West,Home Appliances,5,1615.51,1013.73
ORD00175,CUST0221,12-04-2023,North,Home Appliances,2,2264.34,1810.66
ORD00176,CUST0212,14-12-2023,West,Office Supplies,4,3702.14,2001.55
ORD00177,CUST0161,19-09-2023,East,Furniture,4,522.24,404.37
ORD00178,CUST0048,18-03-2024,North,Clothing,2,2870.58,1905.8
ORD00179,CUST0288,04-12-2023,North,Office Supplies,3,4393.32,3617.94
ORD00180,CUST0217,22-02-2023,East,Home Appliances,3,1887.9,1246.13
ORD00181,CUST0109,08-06-2023,West,Furniture,1,1880.55,1222.96
ORD00182,CUST0059,13-10-2023,South,Office Supplies,5,4877.82,3747.59
ORD00183,CUST0315,27-01-2023,East,Electronics,2,1511.7,1123.32
ORD00184,CUST0174,26-12-2023,North,Furniture,2,2918.34,1693.67
ORD00185,CUST0073,01-02-2023,North,Home Appliances,2,2005.73,1211.74
ORD00186,CUST0081,14-01-2024,East,Clothing,5,3061.87,2441.85
ORD00187,CUST0080,11-06-2023,North,Electronics,3,2326.94,1374.77
ORD00188,CUST0311,28-03-2024,West,Clothing,2,3823.73,1725.34
ORD00189,CUST0221,24-04-2023,East,Home Appliances,4,2729.28,1470.51
ORD00190,CUST0113,09-02-2024,North,Electronics,2,1646.81,815.26
ORD00191,CUST0071,19-09-2023,East,Clothing,1,237.1,174.54
ORD00192,CUST0090,13-05-2023,West,Home Appliances,2,2601.26,2016
ORD00193,CUST0182,15-03-2023,West,Electronics,4,289.96,236.18
ORD00194,CUST0161,15-03-2024,West,Office Supplies,3,752.83,308.2
ORD00195,CUST0167,25-06-2023,West,Clothing,1,2296.22,1027.88
ORD00196,CUST0224,15-02-2024,North,Office Supplies,3,3779.86,1888.82
ORD00197,CUST0399,22-06-2023,North,Home Appliances,1,2746.9,1338.45
ORD00198,CUST0398,24-12-2023,East,Furniture,2,693.46,357.26
ORD00199,CUST0089,06-06-2023,North,Furniture,4,2426.97,1586.46
ORD00200,CUST0297,04-04-2024,East,Clothing,2,2310.86,1411.97
ORD00201,CUST0324,07-11-2023,East,Home Appliances,1,1889.32,818.8
ORD00202,CUST0237,07-04-2024,North,Electronics,3,4192.14,1821.61
ORD00203,CUST0047,03-06-2024,West,Office Supplies,5,2860.72,2163.61
ORD00204,CUST0022,05-04-2024,South,Clothing,5,2483.02,1161.77
ORD00205,CUST0032,06-04-2024,North,Clothing,1,2621.84,1252.33
ORD00206,CUST0127,24-03-2024,West,Home Appliances,5,3127.07,1762.9
ORD00207,CUST0145,01-02-2024,West,Clothing,5,451.35,308.68
ORD00208,CUST0172,09-03-2023,East,Electronics,5,3456.22,1824.42
ORD00209,CUST0371,03-06-2023,East,Electronics,5,3385.34,2750.71
ORD00210,CUST0159,06-02-2024,South,Home Appliances,1,1685.99,960.18
ORD00211,CUST0169,11-05-2023,North,Office Supplies,5,1936.77,1090.73
ORD00212,CUST0093,08-08-2023,East,Office Supplies,2,1287.41,594.66
ORD00213,CUST0040,30-10-2023,North,Home Appliances,5,4208.58,3357
ORD00214,CUST0020,11-12-2023,South,Home Appliances,4,940.41,452.7
ORD00215,CUST0355,19-06-2023,West,Electronics,4,1948.64,1410.45
ORD00216,CUST0228,19-10-2023,West,Furniture,5,1348.01,1124.94
ORD00217,CUST0241,18-07-2023,East,Home Appliances,4,2416.06,1272.77
ORD00218,CUST0196,29-05-2024,West,Furniture,2,4046.04,1870.4
ORD00219,CUST0129,23-02-2023,West,Clothing,5,4684.61,3373.53
ORD00220,CUST0265,08-05-2023,East,Electronics,2,1509.4,1218.67
ORD00221,CUST0076,23-03-2024,North,Furniture,4,4446.22,3640.18
ORD00222,CUST0213,24-02-2023,West,Home Appliances,3,1331.73,1128.69
ORD00223,CUST0192,18-08-2023,North,Clothing,1,4228.05,2927.85
ORD00224,CUST0075,21-05-2023,North,Clothing,4,3541.15,1637.63
ORD00225,CUST0362,25-04-2024,West,Home Appliances,1,4548.12,1858.14
ORD00226,CUST0111,03-06-2023,West,Electronics,3,1340.67,609.78
ORD00227,CUST0123,05-03-2024,West,Electronics,1,4216.1,2634.74
ORD00228,CUST0275,17-01-2023,South,Furniture,3,2260.35,1529.5
ORD00229,CUST0124,02-03-2024,South,Electronics,5,4878.34,2099.91
ORD00230,CUST0270,03-06-2024,North,Office Supplies,4,408.97,234.79
ORD00231,CUST0192,17-09-2023,North,Clothing,1,1855.05,1353.86
ORD00232,CUST0322,17-04-2023,East,Furniture,1,1891.04,1044.51
ORD00233,CUST0330,29-06-2023,West,Office Supplies,2,4095.19,1754.36
ORD00234,CUST0398,13-04-2024,North,Clothing,2,410.27,200.93
ORD00235,CUST0022,20-11-2023,East,Home Appliances,4,4947.79,3188.18
ORD00236,CUST0130,07-02-2023,South,Clothing,3,4338.26,1828.63
ORD00237,CUST0336,06-12-2023,East,Electronics,3,2297.37,1332.5
ORD00238,CUST0226,31-01-2024,East,Furniture,4,3521.93,1990.97
ORD00239,CUST0266,01-10-2023,North,Office Supplies,1,2266.91,1921.87
ORD00240,CUST0093,28-10-2023,East,Electronics,1,1774.02,945.62
ORD00241,CUST0229,12-03-2024,South,Office Supplies,3,2346.22,1705.86
ORD00242,CUST0181,21-03-2024,East,Electronics,1,3421.68,1994.14
ORD00243,CUST0263,13-06-2023,North,Furniture,5,3454.83,2063.15
ORD00244,CUST0065,10-03-2023,South,Clothing,3,2037.7,1335.22
ORD00245,CUST0310,07-06-2023,West,Clothing,3,2330.91,1013.01
ORD00246,CUST0071,11-01-2024,West,Clothing,3,1398.14,630.63
ORD00247,CUST0377,10-07-2023,West,Home Appliances,4,4585,2076.97
ORD00248,CUST0397,24-09-2023,West,Furniture,5,1570.77,1276.12
ORD00249,CUST0252,24-07-2023,North,Furniture,1,2369.8,1906.28
ORD00250,CUST0228,31-03-2023,East,Clothing,1,2839.99,1507.08
ORD00251,CUST0154,11-06-2023,South,Clothing,5,1276.36,1076.37
ORD00252,CUST0072,31-08-2023,West,Electronics,3,2859.3,1618.39
ORD00253,CUST0283,13-05-2023,North,Electronics,3,2111.17,1525.57
ORD00254,CUST0246,22-06-2024,West,Office Supplies,5,554,464.01
ORD00255,CUST0329,17-03-2023,West,Office Supplies,5,1853.67,1473.82
ORD00256,CUST0400,06-07-2023,South,Office Supplies,5,4571.42,1942.56
ORD00257,CUST0064,14-06-2024,South,Clothing,2,977.44,802.12
ORD00258,CUST0116,21-12-2023,East,Electronics,3,1142.25,948.48
ORD00259,CUST0141,09-05-2023,East,Home Appliances,5,648.46,446.43
ORD00260,CUST0304,07-06-2023,South,Home Appliances,5,1820.57,1485.16
ORD00261,CUST0022,30-01-2023,North,Electronics,5,1470.35,727.62
ORD00262,CUST0293,02-03-2024,North,Office Supplies,5,1590.42,1320.83
ORD00263,CUST0248,08-09-2023,West,Clothing,4,550.27,234.94
ORD00264,CUST0226,01-03-2024,West,Office Supplies,2,1832.92,851.67
ORD00265,CUST0368,23-11-2023,East,Office Supplies,2,3851.19,2432.95
ORD00266,CUST0055,23-11-2023,South,Office Supplies,1,1483.86,759.09
ORD00267,CUST0050,21-02-2023,East,Office Supplies,5,2207.05,1838.93
ORD00268,CUST0082,02-12-2023,East,Furniture,2,2591.67,1636.97
ORD00269,CUST0256,12-11-2023,West,Electronics,1,4737.12,2972.31
ORD00270,CUST0124,09-08-2023,East,Electronics,1,1550.51,1037.11
ORD00271,CUST0335,26-04-2024,East,Home Appliances,1,4266.43,2533.91
ORD00272,CUST0136,10-01-2024,West,Clothing,1,2122.79,1393.88
ORD00273,CUST0100,07-01-2024,East,Electronics,4,2620.43,1949.55
ORD00274,CUST0144,02-05-2023,South,Electronics,4,1991.35,1680.81
ORD00275,CUST0286,10-01-2024,South,Furniture,5,2643.79,1652.46
ORD00276,CUST0024,09-02-2023,South,Clothing,4,2692.8,1257.6
ORD00277,CUST0264,24-05-2023,East,Home Appliances,3,980.01,828.87
ORD00278,CUST0379,03-11-2023,East,Home Appliances,5,2755.23,1980.83
ORD00279,CUST0154,01-05-2024,North,Clothing,3,3434.27,2888.06
ORD00280,CUST0299,12-11-2023,North,Home Appliances,4,1474.55,1024.84
ORD00281,CUST0398,22-08-2023,North,Home Appliances,4,1018.46,695.67
ORD00282,CUST0318,25-01-2024,South,Furniture,1,2948.34,2108.75
ORD00283,CUST0098,20-01-2023,West,Clothing,4,926.87,658.75
ORD00284,CUST0211,28-05-2024,West,Electronics,2,2689.68,1754.74
ORD00285,CUST0340,04-05-2024,West,Clothing,2,2406.38,1539.86
ORD00286,CUST0280,29-12-2023,East,Home Appliances,4,1122.87,573.71
ORD00287,CUST0286,02-11-2023,South,Clothing,3,3583.52,2546.48
ORD00288,CUST0251,21-11-2023,West,Clothing,5,4681.76,3548.46
ORD00289,CUST0141,22-10-2023,North,Home Appliances,5,2022.53,1701.09
ORD00290,CUST0177,30-05-2023,East,Electronics,3,4785.51,2084.39
ORD00291,CUST0227,20-09-2023,West,Furniture,2,4174.17,2178.96
ORD00292,CUST0288,06-10-2023,South,Electronics,5,3756.28,1906.98
ORD00293,CUST0026,20-08-2023,South,Electronics,1,2183.85,1578.51
ORD00294,CUST0052,21-05-2023,North,Home Appliances,2,2153.16,1767.24
ORD00295,CUST0244,03-05-2024,South,Clothing,3,1569.99,669.79
ORD00296,CUST0394,02-04-2023,South,Home Appliances,1,4583.5,2194.48
ORD00297,CUST0091,07-02-2023,West,Office Supplies,2,4695.72,3911.34
ORD00298,CUST0149,08-02-2023,North,Clothing,5,3093.36,2529.76
ORD00299,CUST0172,19-10-2023,West,Home Appliances,5,2570.78,2114.09
ORD00300,CUST0259,24-04-2024,East,Furniture,1,1787.28,1302.93
ORD00301,CUST0332,21-09-2023,South,Electronics,3,3995.68,2619.17
ORD00302,CUST0388,17-07-2023,South,Home Appliances,4,4169.55,2634.64
ORD00303,CUST0045,15-02-2024,North,Furniture,2,2491.78,2046.05
ORD00304,CUST0004,25-09-2023,West,Furniture,4,3818.03,3166.35
ORD00305,CUST0155,12-01-2023,East,Clothing,2,498.2,225.78
ORD00306,CUST0158,13-06-2023,West,Home Appliances,3,3513.39,2415.17
ORD00307,CUST0152,12-01-2024,South,Furniture,2,2495.27,1508.99
ORD00308,CUST0311,18-01-2024,West,Home Appliances,4,3835.28,2918.26
ORD00309,CUST0112,11-09-2023,North,Home Appliances,4,2735.23,1539.4
ORD00310,CUST0289,25-04-2023,North,Home Appliances,5,1170.35,750.78
ORD00311,CUST0085,02-12-2023,West,Electronics,2,3641.21,2257.45
ORD00312,CUST0262,01-04-2024,North,Office Supplies,2,2663.59,1612.96
ORD00313,CUST0030,18-04-2024,East,Electronics,4,1421.39,570.48
ORD00314,CUST0112,16-03-2023,North,Office Supplies,3,3561.85,2292.13
ORD00315,CUST0031,12-03-2023,West,Electronics,3,2162.56,1613.35
ORD00316,CUST0393,06-03-2024,East,Office Supplies,4,4374.18,3534.54
ORD00317,CUST0193,24-03-2023,South,Clothing,1,1056.67,678.14
ORD00318,CUST0271,11-05-2023,South,Electronics,1,4896.76,2978.95
ORD00319,CUST0369,10-03-2024,West,Furniture,2,2411,1132.7
ORD00320,CUST0097,26-04-2023,North,Office Supplies,5,3877.06,3092.69
ORD00321,CUST0009,04-09-2023,South,Electronics,1,3050.93,1833.3
ORD00322,CUST0345,19-02-2023,South,Electronics,4,2307.02,1483.16
ORD00323,CUST0387,27-02-2023,South,Home Appliances,3,1323.98,1075.57
ORD00324,CUST0295,23-11-2023,East,Furniture,3,4406.04,3716.77
ORD00325,CUST0267,15-08-2023,West,Clothing,3,492.6,407.3
ORD00326,CUST0377,29-06-2023,West,Home Appliances,4,425.04,235.89
ORD00327,CUST0330,26-01-2024,East,Office Supplies,4,916.24,521.71
ORD00328,CUST0387,29-04-2024,South,Furniture,3,4316.2,2006.85
ORD00329,CUST0238,01-03-2023,West,Office Supplies,5,2743.96,1577.2
ORD00330,CUST0131,28-07-2023,East,Electronics,4,4266.24,1884.01
ORD00331,CUST0371,15-07-2023,North,Clothing,4,3433.63,2305.05
ORD00332,CUST0038,12-07-2023,South,Office Supplies,2,4373.47,2404.68
ORD00333,CUST0008,05-08-2023,South,Electronics,4,4589.32,3272.33
ORD00334,CUST0361,29-07-2023,West,Furniture,5,1743.75,919.61
ORD00335,CUST0239,03-01-2024,East,Clothing,3,2661.52,1660.19
ORD00336,CUST0051,25-04-2024,East,Furniture,3,1702.03,715.83
ORD00337,CUST0114,30-05-2023,North,Clothing,5,4686.84,3096.19
ORD00338,CUST0214,30-10-2023,South,Furniture,3,1304.09,856.01
ORD00339,CUST0126,26-05-2024,East,Clothing,4,4839.24,3333.09
ORD00340,CUST0252,16-04-2024,South,Clothing,2,871.8,563.14
ORD00341,CUST0095,02-03-2023,North,Electronics,1,3868.83,2265.5
ORD00342,CUST0323,25-08-2023,North,Furniture,1,1249.85,756.41
ORD00343,CUST0031,09-05-2024,West,Electronics,1,2754.62,1611.73
ORD00344,CUST0009,09-10-2023,East,Electronics,5,4103.15,2885.81
ORD00345,CUST0092,20-04-2023,North,Home Appliances,2,1356.65,921.03
ORD00346,CUST0130,29-12-2023,East,Office Supplies,1,1990.65,1159.98
ORD00347,CUST0290,07-09-2023,South,Clothing,1,3337.93,2624.28
ORD00348,CUST0389,02-02-2023,North,Office Supplies,4,2010.41,1234.8
ORD00349,CUST0327,10-01-2023,South,Electronics,4,4257.58,2938.62
ORD00350,CUST0170,08-04-2023,North,Furniture,2,4526.11,3220.46
ORD00351,CUST0291,01-05-2024,East,Electronics,1,3485.26,1833.83
ORD00352,CUST0279,03-02-2023,South,Clothing,1,4815.05,3197.99
ORD00353,CUST0386,12-02-2024,North,Clothing,2,2907,1904.12
ORD00354,CUST0200,06-12-2023,West,Furniture,1,2603.81,2183.15
ORD00355,CUST0028,11-04-2023,West,Furniture,1,1834.85,1368.89
ORD00356,CUST0305,11-02-2024,East,Electronics,3,3961.03,2387.5
ORD00357,CUST0117,31-12-2023,West,Office Supplies,2,3462.54,2414.44
ORD00358,CUST0044,30-10-2023,South,Electronics,1,1486.27,848.66
ORD00359,CUST0325,07-06-2023,West,Clothing,3,711.44,286.24
ORD00360,CUST0158,31-03-2024,East,Clothing,1,836.03,404.91
ORD00361,CUST0230,08-06-2024,West,Electronics,1,630.17,409.23
ORD00362,CUST0306,29-11-2023,West,Electronics,3,2186.29,1641.09
ORD00363,CUST0372,06-09-2023,South,Office Supplies,2,866.43,463.98
ORD00364,CUST0253,30-05-2023,North,Furniture,4,1524.62,815.5
ORD00365,CUST0040,05-01-2024,East,Furniture,4,3050.27,1488.52
ORD00366,CUST0055,19-05-2023,East,Electronics,4,1794.64,1218.72
ORD00367,CUST0169,26-03-2024,East,Office Supplies,5,853.4,464.51
ORD00368,CUST0356,25-07-2023,West,Clothing,2,4829.96,4037.49
ORD00369,CUST0150,17-05-2024,South,Clothing,4,1545.44,1164.71
ORD00370,CUST0187,27-04-2023,South,Home Appliances,5,1063.65,792.87
ORD00371,CUST0014,17-04-2024,South,Office Supplies,3,4190.15,1806.46
ORD00372,CUST0210,26-05-2024,South,Clothing,2,1412.87,663.15
ORD00373,CUST0217,22-01-2024,North,Office Supplies,5,2500.33,1451.1
ORD00374,CUST0260,04-03-2024,North,Clothing,5,3050.34,2475.29
ORD00375,CUST0056,12-09-2023,East,Furniture,5,412.62,347.68
ORD00376,CUST0347,14-02-2024,East,Office Supplies,1,250.63,129.43
ORD00377,CUST0262,15-06-2024,South,Office Supplies,3,2077.44,1553
ORD00378,CUST0302,27-05-2024,South,Clothing,1,2517.3,1341.58
ORD00379,CUST0044,29-04-2023,South,Clothing,3,1846.72,1390.44
ORD00380,CUST0267,09-05-2024,East,Office Supplies,1,2303.2,1643.43
ORD00381,CUST0164,10-03-2023,East,Electronics,1,308.41,170.98
ORD00382,CUST0056,18-06-2023,South,Home Appliances,2,2849.17,1564.04
ORD00383,CUST0219,18-04-2024,South,Office Supplies,2,1094.66,761.65
ORD00384,CUST0203,30-01-2023,South,Office Supplies,5,2261.85,909.27
ORD00385,CUST0110,30-07-2023,East,Electronics,5,688.41,545.49
ORD00386,CUST0096,10-01-2024,East,Furniture,4,746.98,524.24
ORD00387,CUST0251,24-06-2024,East,Home Appliances,4,3134.28,2081.64
ORD00388,CUST0179,27-12-2023,West,Home Appliances,2,4105.94,2946.81
ORD00389,CUST0153,28-03-2023,South,Clothing,1,1345.15,608.85
ORD00390,CUST0192,25-05-2023,West,Office Supplies,5,861.76,493.5
ORD00391,CUST0096,13-05-2024,South,Home Appliances,2,2550.28,1181.12
ORD00392,CUST0162,06-04-2024,North,Clothing,1,2526.12,1232.26
ORD00393,CUST0197,01-06-2024,West,Office Supplies,4,2195.03,1707.63
ORD00394,CUST0251,21-06-2023,North,Home Appliances,1,4020.23,2007.05
ORD00395,CUST0017,09-10-2023,South,Home Appliances,3,1007.4,610.28
ORD00396,CUST0381,22-05-2024,North,Home Appliances,1,1485.87,957.49
ORD00397,CUST0188,12-02-2023,West,Home Appliances,2,4950.92,2208.54
ORD00398,CUST0335,11-09-2023,East,Electronics,4,1461.51,1151.66
ORD00399,CUST0045,25-03-2024,North,Furniture,2,4091.37,2718.98
ORD00400,CUST0180,14-03-2024,South,Home Appliances,2,3967.28,3039.29
ORD00401,CUST0031,26-12-2023,East,Home Appliances,5,1008.21,847.45
ORD00402,CUST0150,24-10-2023,East,Home Appliances,1,850.83,627.52
ORD00403,CUST0211,02-03-2023,East,Furniture,2,1398.45,1007.06
ORD00404,CUST0127,07-02-2024,West,Furniture,5,3235.53,2208.3
ORD00405,CUST0193,07-04-2024,North,Electronics,4,2674.94,1404.88
ORD00406,CUST0189,10-04-2024,West,Clothing,5,211.87,158.56
ORD00407,CUST0376,06-04-2023,West,Clothing,1,4019.25,2327.03
ORD00408,CUST0220,05-08-2023,West,Clothing,3,4176.05,2305.14
ORD00409,CUST0296,14-05-2023,West,Clothing,1,420.53,286.71
ORD00410,CUST0236,17-01-2023,North,Furniture,4,2391.29,2023.81
ORD00411,CUST0220,27-07-2023,South,Clothing,2,4397.23,3493.46
ORD00412,CUST0048,05-01-2024,East,Electronics,3,3389.64,2345.66
ORD00413,CUST0027,10-02-2024,East,Furniture,4,3346.33,2398.19
ORD00414,CUST0001,07-08-2023,West,Electronics,2,3049.66,1932.72
ORD00415,CUST0228,10-01-2023,North,Clothing,1,4943.14,2916.66
ORD00416,CUST0068,04-05-2024,North,Furniture,4,628.79,479.57
ORD00417,CUST0053,17-11-2023,East,Clothing,2,2037.06,1560.42
ORD00418,CUST0069,27-05-2023,North,Home Appliances,5,240.68,166.67
ORD00419,CUST0226,26-12-2023,South,Furniture,4,3157.16,1891.37
ORD00420,CUST0112,30-03-2023,North,Furniture,1,3029.95,1735.6
ORD00421,CUST0220,19-11-2023,South,Furniture,3,3294.18,1685.55
ORD00422,CUST0308,19-10-2023,North,Clothing,2,2685.2,1689.76
ORD00423,CUST0383,06-02-2024,East,Electronics,2,2575.46,1160.85
ORD00424,CUST0256,14-03-2023,North,Clothing,3,833.52,656.29
ORD00425,CUST0292,06-03-2024,East,Home Appliances,2,3861.08,3202.78
ORD00426,CUST0395,16-03-2023,North,Home Appliances,1,266.21,132.33
ORD00427,CUST0031,12-02-2024,East,Home Appliances,4,2233.16,1297.52
ORD00428,CUST0328,06-06-2023,East,Electronics,3,579.3,471.79
ORD00429,CUST0080,01-12-2023,West,Home Appliances,1,1688.81,1008
ORD00430,CUST0123,01-03-2023,South,Electronics,4,756.74,511.2
ORD00431,CUST0029,13-11-2023,South,Electronics,1,3597.92,2574.94
ORD00432,CUST0084,23-05-2024,East,Home Appliances,5,3958.34,2867.2
ORD00433,CUST0086,16-01-2024,South,Clothing,1,3902.87,1612.71
ORD00434,CUST0220,06-10-2023,North,Clothing,5,3212.16,2002.03
ORD00435,CUST0262,04-01-2024,North,Office Supplies,5,1001.03,471.27
ORD00436,CUST0396,16-04-2023,North,Furniture,5,212.33,166.98
ORD00437,CUST0007,08-09-2023,North,Office Supplies,3,2038.3,952.98
ORD00438,CUST0019,05-03-2024,South,Clothing,2,2198.03,1591.66
ORD00439,CUST0139,21-03-2023,East,Electronics,5,3431.96,1454.13
ORD00440,CUST0115,12-06-2024,North,Office Supplies,1,4409.56,3482.29
ORD00441,CUST0397,15-11-2023,East,Electronics,5,2392.38,1354.12
ORD00442,CUST0150,08-11-2023,South,Office Supplies,3,3040.12,1890.99
ORD00443,CUST0396,20-07-2023,South,Furniture,1,4675.51,1920.51
ORD00444,CUST0278,21-12-2023,North,Clothing,1,3842.86,2187.83
ORD00445,CUST0378,11-11-2023,North,Furniture,5,4918.96,2896.86
ORD00446,CUST0031,26-05-2023,East,Electronics,1,4622.12,3715.16
ORD00447,CUST0267,27-02-2024,East,Office Supplies,1,2987.7,1874.61
ORD00448,CUST0327,08-02-2024,North,Home Appliances,5,498.96,348.32
ORD00449,CUST0067,31-08-2023,East,Clothing,3,4645,2679.37
ORD00450,CUST0377,01-12-2023,East,Office Supplies,3,1321.33,1089.57
ORD00451,CUST0070,22-04-2023,South,Electronics,2,2357.92,1276.38
ORD00452,CUST0062,02-01-2024,South,Office Supplies,3,2424.06,1899.53
ORD00453,CUST0047,11-06-2023,East,Home Appliances,1,1232.1,967.76
ORD00454,CUST0076,04-04-2023,South,Clothing,4,2664.61,1877.84
ORD00455,CUST0134,28-06-2023,North,Office Supplies,4,2868.58,1857.56
ORD00456,CUST0049,18-04-2024,North,Furniture,1,257.39,199.13
ORD00457,CUST0114,14-05-2023,South,Office Supplies,3,3494.17,2871.89
ORD00458,CUST0044,23-09-2023,North,Electronics,1,1149.2,793.75
ORD00459,CUST0066,05-04-2023,East,Electronics,1,4722.95,1996.8
ORD00460,CUST0294,19-03-2024,West,Office Supplies,1,2037.1,1205.96
ORD00461,CUST0182,08-08-2023,South,Clothing,3,2340.85,1092.91
ORD00462,CUST0315,09-09-2023,East,Office Supplies,4,4437.34,2731.47
ORD00463,CUST0045,14-10-2023,West,Furniture,4,1157.4,923.71
ORD00464,CUST0270,13-09-2023,North,Office Supplies,3,2502.49,1880.99
ORD00465,CUST0177,29-05-2024,East,Office Supplies,3,1063.12,577.8
ORD00466,CUST0113,31-01-2023,East,Electronics,4,2741.28,2042.47
ORD00467,CUST0120,13-06-2023,North,Furniture,2,1479.33,1135.13
ORD00468,CUST0378,27-02-2023,South,Home Appliances,4,1903.06,1479.91
ORD00469,CUST0089,30-06-2023,South,Home Appliances,3,4069.81,2905.57
ORD00470,CUST0303,29-01-2023,East,Home Appliances,5,882.09,729.28
ORD00471,CUST0253,13-11-2023,South,Office Supplies,1,633.24,319.58
ORD00472,CUST0113,21-01-2023,West,Electronics,3,4605.9,2259.93
ORD00473,CUST0067,15-12-2023,South,Clothing,1,305.18,202.63
ORD00474,CUST0073,24-04-2023,East,Electronics,3,3581.78,2499.95
ORD00475,CUST0301,14-04-2023,East,Clothing,3,854.97,402.59
ORD00476,CUST0224,13-05-2024,East,Furniture,5,3529.09,2886.73
ORD00477,CUST0183,17-08-2023,South,Office Supplies,3,3723.18,1982.72
ORD00478,CUST0091,02-01-2023,West,Home Appliances,1,1073.99,583.39
ORD00479,CUST0314,15-08-2023,North,Office Supplies,2,1789.61,778.5
ORD00480,CUST0178,24-11-2023,South,Electronics,3,2343.82,1217.25
ORD00481,CUST0128,11-03-2023,East,Clothing,1,3657.99,1542.45
ORD00482,CUST0225,05-03-2024,South,Office Supplies,4,4432.5,2473.57
ORD00483,CUST0193,14-04-2023,West,Home Appliances,2,980.75,424.83
ORD00484,CUST0018,29-10-2023,North,Clothing,3,4767.98,2066.4
ORD00485,CUST0088,20-01-2024,South,Electronics,5,4720.8,3966.03
ORD00486,CUST0174,09-05-2024,North,Office Supplies,2,3115.12,1854.71
ORD00487,CUST0028,14-04-2023,East,Furniture,2,2164.54,1405.55
ORD00488,CUST0374,29-09-2023,East,Clothing,2,660.4,380.92
ORD00489,CUST0282,17-05-2024,South,Electronics,3,218.31,95.93
ORD00490,CUST0339,06-05-2024,South,Electronics,1,1193.37,820.07
ORD00491,CUST0042,29-04-2024,North,Clothing,4,2460.53,1975.05
ORD00492,CUST0136,04-04-2023,West,Furniture,3,4450.36,2519.93
ORD00493,CUST0229,15-02-2023,East,Office Supplies,4,1464.32,1137.32
ORD00494,CUST0289,05-03-2023,South,Electronics,1,3407.08,2601.92
ORD00495,CUST0212,21-08-2023,North,Office Supplies,5,2209.43,1416.2
ORD00496,CUST0244,30-08-2023,West,Clothing,1,2095.06,1643.1
ORD00497,CUST0018,29-05-2024,South,Electronics,4,1029.82,868.1
ORD00498,CUST0109,17-07-2023,South,Electronics,4,576.17,407.59
ORD00499,CUST0104,01-06-2023,East,Clothing,1,617.73,401.75
ORD00500,CUST0283,30-11-2023,East,Home Appliances,4,4602.38,1866.56
ORD00501,CUST0359,19-06-2024,West,Electronics,4,918.28,601.44
ORD00502,CUST0299,13-04-2023,North,Home Appliances,1,3971.58,3138.99
ORD00503,CUST0177,25-02-2024,East,Office Supplies,4,2945.71,1805.34
ORD00504,CUST0089,10-10-2023,West,Furniture,5,3121.55,2223
ORD00505,CUST0020,10-02-2024,East,Furniture,1,3779.6,3078.01
ORD00506,CUST0191,21-01-2023,East,Clothing,3,1545.66,960.21
ORD00507,CUST0357,11-04-2023,South,Furniture,3,4876.25,2922.82
ORD00508,CUST0165,03-10-2023,West,Home Appliances,1,1102.09,545.67
ORD00509,CUST0209,11-05-2024,East,Electronics,5,3999.15,1717.75
ORD00510,CUST0364,02-06-2024,West,Furniture,5,4420.8,1825.91
ORD00511,CUST0099,25-07-2023,North,Furniture,1,2390.95,1944.11
ORD00512,CUST0361,23-07-2023,East,Clothing,4,2624.61,1800.31
ORD00513,CUST0064,01-02-2023,South,Clothing,4,3051.41,1464.41
ORD00514,CUST0243,25-12-2023,East,Furniture,3,3795.01,2694.39
ORD00515,CUST0146,29-01-2023,West,Electronics,2,4298.34,3227.72
ORD00516,CUST0110,15-08-2023,South,Furniture,3,3327.62,2099.65
ORD00517,CUST0400,10-01-2023,West,Furniture,2,3085.48,1245.94
ORD00518,CUST0130,09-11-2023,East,Office Supplies,4,4287.61,2600.65
ORD00519,CUST0112,22-04-2024,East,Home Appliances,5,2106.33,939.51
ORD00520,CUST0262,19-01-2024,East,Clothing,1,2512.34,1385.12
ORD00521,CUST0142,29-11-2023,East,Clothing,3,1104.13,698.67
ORD00522,CUST0124,28-02-2023,West,Clothing,2,3662.16,2544.95
ORD00523,CUST0152,23-09-2023,West,Office Supplies,4,3736.31,2474.78
ORD00524,CUST0293,14-07-2023,East,Furniture,5,3263.91,2004.3
ORD00525,CUST0344,03-01-2024,East,Furniture,5,1069.45,474.75
ORD00526,CUST0066,22-09-2023,South,Clothing,1,1266.82,634.04
ORD00527,CUST0158,06-03-2024,East,Clothing,3,3010.74,1832.61
ORD00528,CUST0061,26-04-2024,North,Home Appliances,5,4732.64,2044.72
ORD00529,CUST0100,27-05-2024,North,Office Supplies,5,1632.11,692.55
ORD00530,CUST0078,21-05-2023,South,Clothing,4,4938.52,3959.61
ORD00531,CUST0235,27-05-2023,East,Furniture,1,2540.39,1737.54
ORD00532,CUST0091,17-11-2023,North,Electronics,4,1512.93,1123.41
ORD00533,CUST0087,12-06-2023,West,Electronics,2,3149.5,2157.63
ORD00534,CUST0207,15-03-2024,West,Office Supplies,1,381.08,186.63
ORD00535,CUST0192,15-01-2023,East,Home Appliances,2,286,114.93
ORD00536,CUST0376,12-09-2023,South,Clothing,3,818.87,468.88
ORD00537,CUST0302,10-11-2023,South,Electronics,1,1631.37,866.05
ORD00538,CUST0373,16-06-2024,East,Office Supplies,2,1845.12,1486.47
ORD00539,CUST0184,12-07-2023,South,Office Supplies,1,1296.41,942.78
ORD00540,CUST0068,05-08-2023,North,Home Appliances,5,1011.13,571.25
ORD00541,CUST0334,08-02-2023,West,Clothing,5,3191.05,2129.28
ORD00542,CUST0025,21-04-2023,North,Electronics,1,2200.52,1256.75
ORD00543,CUST0281,16-09-2023,West,Furniture,2,3536.92,2417.98
ORD00544,CUST0155,06-03-2024,North,Home Appliances,3,3189.43,2281.48
ORD00545,CUST0215,18-04-2023,North,Clothing,1,3966.85,2475.25
ORD00546,CUST0312,24-07-2023,East,Home Appliances,2,1918.02,1120.87
ORD00547,CUST0083,10-02-2023,West,Furniture,4,1786.9,716.96
ORD00548,CUST0344,02-04-2023,North,Home Appliances,4,915.89,403.48
ORD00549,CUST0262,18-03-2023,North,Clothing,2,2392.41,2009.1
ORD00550,CUST0136,20-04-2024,North,Electronics,2,4395.87,3444.22
ORD00551,CUST0185,17-11-2023,West,Electronics,1,4285.98,3431.49
ORD00552,CUST0005,22-05-2023,South,Clothing,3,4493.73,3728.85
ORD00553,CUST0138,06-04-2023,East,Clothing,2,746.39,432.99
ORD00554,CUST0234,06-10-2023,West,Office Supplies,4,3314.46,2514.38
ORD00555,CUST0058,16-05-2023,North,Furniture,1,2196.93,1462.8
ORD00556,CUST0292,24-03-2024,South,Home Appliances,4,3939.99,2659.93
ORD00557,CUST0351,14-05-2023,West,Office Supplies,1,4460.45,2668.73
ORD00558,CUST0033,25-09-2023,East,Electronics,5,3884.14,2561.56
ORD00559,CUST0290,18-08-2023,East,Home Appliances,5,3503.56,2376.14
ORD00560,CUST0222,12-09-2023,West,Clothing,4,913.54,705.16
ORD00561,CUST0314,25-02-2023,North,Furniture,5,4274.46,3348.36
ORD00562,CUST0085,18-03-2023,West,Clothing,2,1788.3,939.16
ORD00563,CUST0260,17-08-2023,West,Office Supplies,2,578.39,346.97
ORD00564,CUST0294,03-04-2024,North,Office Supplies,4,1717.1,1444.6
ORD00565,CUST0382,19-01-2023,North,Office Supplies,4,371.99,240.71
ORD00566,CUST0047,08-11-2023,South,Office Supplies,3,1944.04,825.1
ORD00567,CUST0115,10-04-2024,East,Home Appliances,5,3079.77,2225.12
ORD00568,CUST0187,08-04-2024,North,Electronics,2,210.55,117.87
ORD00569,CUST0325,26-10-2023,East,Electronics,1,4505.01,2800.27
ORD00570,CUST0368,24-02-2024,North,Clothing,5,1140.42,518.13
ORD00571,CUST0202,09-08-2023,West,Furniture,3,717.28,420.69
ORD00572,CUST0325,07-05-2023,West,Office Supplies,5,4789.71,2206.07
ORD00573,CUST0256,05-01-2023,North,Home Appliances,4,4226.32,2608.99
ORD00574,CUST0261,01-07-2023,South,Furniture,1,2059.55,1380.4
ORD00575,CUST0165,31-05-2024,West,Office Supplies,5,4596.37,3415.42
ORD00576,CUST0141,12-02-2024,East,Clothing,4,4063.02,1877.85
ORD00577,CUST0309,08-06-2024,East,Home Appliances,3,3617,2969.49
ORD00578,CUST0324,11-08-2023,South,Furniture,5,3629.05,2572.91
ORD00579,CUST0345,16-05-2023,South,Home Appliances,5,3532.7,1925.57
ORD00580,CUST0060,27-12-2023,West,Home Appliances,5,4724.83,3399.78
ORD00581,CUST0346,20-10-2023,West,Electronics,5,711.06,406.29
ORD00582,CUST0028,27-02-2023,South,Clothing,2,4920.96,3481.71
ORD00583,CUST0075,05-03-2023,East,Furniture,5,355.07,272.09
ORD00584,CUST0053,18-08-2023,West,Furniture,5,3964.67,3011.05
ORD00585,CUST0148,18-02-2023,West,Office Supplies,4,4792.17,4021.21
ORD00586,CUST0161,25-02-2023,North,Clothing,2,3178.7,2388.53
ORD00587,CUST0227,19-08-2023,East,Home Appliances,5,3744.56,1828.88
ORD00588,CUST0372,18-07-2023,East,Office Supplies,2,4920.58,2133.13
ORD00589,CUST0089,10-06-2024,North,Office Supplies,1,2256.84,1468.01
ORD00590,CUST0067,14-06-2023,East,Electronics,3,2438.39,2004.05
ORD00591,CUST0021,07-06-2023,East,Home Appliances,1,3913.57,2666.77
ORD00592,CUST0339,05-11-2023,West,Home Appliances,5,1918.81,1444.51
ORD00593,CUST0163,22-06-2024,South,Furniture,5,527.25,330.75
ORD00594,CUST0213,18-02-2024,North,Clothing,2,4440.3,3101.55
ORD00595,CUST0170,05-01-2024,East,Furniture,5,2746.39,2330.27
ORD00596,CUST0386,10-01-2023,North,Clothing,4,1353.67,932.7
ORD00597,CUST0319,07-09-2023,North,Clothing,4,4596.48,3793.22
ORD00598,CUST0198,20-09-2023,East,Electronics,5,4146.12,2358.03
ORD00599,CUST0261,01-04-2024,West,Electronics,3,4511.75,2195.56
ORD00600,CUST0264,26-03-2023,North,Furniture,5,2759.39,1882.23
ORD00601,CUST0108,07-08-2023,West,Electronics,2,2781.22,1992.01
ORD00602,CUST0380,21-03-2024,North,Furniture,1,2404.28,1320.6
ORD00603,CUST0045,17-03-2023,North,Furniture,3,2878.8,1896.36
ORD00604,CUST0117,22-09-2023,West,Office Supplies,4,3225.04,1918.45
ORD00605,CUST0009,03-02-2024,North,Home Appliances,1,3278.83,2223.89
ORD00606,CUST0388,16-02-2023,North,Clothing,5,709.45,535
ORD00607,CUST0155,30-03-2023,East,Office Supplies,4,2096.54,1461.97
ORD00608,CUST0243,10-06-2023,South,Furniture,4,4024.5,3148.21
ORD00609,CUST0152,28-05-2023,East,Clothing,1,2856.92,1856.37
ORD00610,CUST0064,12-02-2023,North,Home Appliances,5,2091.59,1351.98
ORD00611,CUST0044,09-11-2023,South,Clothing,2,2180.74,1506.17
ORD00612,CUST0263,26-05-2023,South,Furniture,2,3161.05,1623.94
ORD00613,CUST0059,05-07-2023,North,Home Appliances,4,3294.44,1426.21
ORD00614,CUST0344,10-03-2023,East,Electronics,2,3682.83,2280.54
ORD00615,CUST0170,01-01-2024,South,Furniture,1,1568.66,676.74
ORD00616,CUST0100,22-11-2023,West,Office Supplies,3,3158.44,1697.83
ORD00617,CUST0300,06-06-2023,East,Clothing,4,1009.47,546.07
ORD00618,CUST0114,22-03-2024,East,Clothing,2,3461.98,1901.33
ORD00619,CUST0246,18-04-2024,West,Clothing,3,2537.46,1139.26
ORD00620,CUST0331,25-03-2023,East,Furniture,5,1142.87,834.4
ORD00621,CUST0321,20-03-2023,North,Electronics,5,3231.81,2474.56
ORD00622,CUST0297,19-02-2024,South,Electronics,5,1450.96,1164.1
ORD00623,CUST0277,28-04-2024,South,Clothing,4,1271.87,950.68
ORD00624,CUST0376,25-10-2023,South,Office Supplies,5,2649.98,1533.15
ORD00625,CUST0258,11-01-2023,South,Home Appliances,2,3834.59,1776.05
ORD00626,CUST0082,03-07-2023,South,Office Supplies,3,394.02,292.62
ORD00627,CUST0119,06-03-2023,East,Clothing,2,405.48,199.92
ORD00628,CUST0185,02-02-2024,West,Office Supplies,1,391.54,270.88
ORD00629,CUST0053,17-06-2024,East,Clothing,5,2812.88,1345.21
ORD00630,CUST0335,23-01-2024,East,Home Appliances,1,2679.98,1525.84
ORD00631,CUST0115,12-06-2024,West,Clothing,3,2536.94,1565.16
ORD00632,CUST0310,07-01-2023,South,Office Supplies,2,1303.96,823.51
ORD00633,CUST0144,05-08-2023,South,Furniture,2,1938.67,1401.24
ORD00634,CUST0061,24-08-2023,West,Clothing,1,2511.28,1545.61
ORD00635,CUST0108,15-06-2023,West,Electronics,2,407.09,267.89
ORD00636,CUST0083,18-05-2023,North,Home Appliances,2,468.38,241.79
ORD00637,CUST0093,13-06-2024,West,Home Appliances,5,3260.59,2593.24
ORD00638,CUST0373,18-10-2023,North,Furniture,4,3111.32,1904.55
ORD00639,CUST0247,24-06-2023,South,Office Supplies,5,885.02,586.05
ORD00640,CUST0393,06-07-2023,East,Furniture,3,4627.29,3093.07
ORD00641,CUST0036,24-08-2023,West,Office Supplies,2,721.14,354.12
ORD00642,CUST0259,05-03-2024,South,Home Appliances,1,1051.63,847.32
ORD00643,CUST0308,09-02-2023,North,Electronics,4,3365.08,2711.89
ORD00644,CUST0277,02-01-2023,West,Home Appliances,4,1977.81,829.78
ORD00645,CUST0272,15-03-2024,South,Office Supplies,4,1882.49,1434.61
ORD00646,CUST0390,11-04-2023,West,Furniture,3,2490.28,1256.67
ORD00647,CUST0043,18-10-2023,West,Clothing,2,226.25,166.21
ORD00648,CUST0004,19-06-2024,North,Home Appliances,1,2000.14,984.95
ORD00649,CUST0162,23-02-2024,East,Electronics,2,2245.14,1489.46
ORD00650,CUST0134,09-03-2024,East,Home Appliances,3,4960.63,2871.48
ORD00651,CUST0105,28-02-2024,West,Furniture,3,2883.65,1781.21
ORD00652,CUST0158,19-12-2023,West,Furniture,1,3789.51,2277.37
ORD00653,CUST0359,15-06-2023,North,Furniture,5,2122.69,1172.36
ORD00654,CUST0282,23-02-2023,South,Office Supplies,1,4060.97,3128.84
ORD00655,CUST0242,21-03-2024,North,Electronics,3,1264.5,551.34
ORD00656,CUST0020,29-01-2024,West,Home Appliances,5,1575.05,1312.94
ORD00657,CUST0030,29-06-2023,West,Office Supplies,1,1168.19,812.59
ORD00658,CUST0266,20-10-2023,South,Electronics,5,2650.63,1893.35
ORD00659,CUST0315,23-06-2023,North,Clothing,2,3344.09,2805.83
ORD00660,CUST0045,10-10-2023,West,Clothing,4,2146.16,1051.92
ORD00661,CUST0008,12-03-2023,North,Home Appliances,3,3685.47,2401.46
ORD00662,CUST0299,23-12-2023,East,Clothing,2,3110.54,1516.5
ORD00663,CUST0207,05-01-2023,East,Furniture,4,2629.94,1713.1
ORD00664,CUST0258,29-10-2023,East,Electronics,5,4792.2,3806.21
ORD00665,CUST0295,14-09-2023,West,Office Supplies,5,2521.42,1284.6
ORD00666,CUST0174,14-04-2024,West,Home Appliances,1,2513.46,1296.99
ORD00667,CUST0196,14-08-2023,South,Clothing,4,4786.14,3026.88
ORD00668,CUST0005,27-09-2023,South,Clothing,1,2114.87,1558.56
ORD00669,CUST0176,19-03-2023,South,Office Supplies,3,1896.98,1522.22
ORD00670,CUST0138,07-07-2023,South,Office Supplies,2,1327.33,675.51
ORD00671,CUST0136,31-07-2023,South,Furniture,2,4214.41,2360.96
ORD00672,CUST0399,20-04-2023,North,Electronics,4,3146.37,2340.62
ORD00673,CUST0278,13-02-2023,West,Clothing,5,1714,1378.32
ORD00674,CUST0295,09-10-2023,West,Furniture,5,1545.28,772.55
ORD00675,CUST0296,12-05-2023,North,Home Appliances,4,2495.94,1605.75
ORD00676,CUST0258,22-12-2023,West,Furniture,4,4887.23,3490.51
ORD00677,CUST0236,20-11-2023,North,Electronics,2,2021.25,900.14
ORD00678,CUST0186,23-09-2023,South,Home Appliances,3,1338.27,819.16
ORD00679,CUST0314,18-12-2023,East,Furniture,4,2234.93,1315.46
ORD00680,CUST0386,17-01-2024,East,Office Supplies,3,2363.5,1553.14
ORD00681,CUST0295,23-08-2023,North,Clothing,2,2865.63,2250.49
ORD00682,CUST0101,30-05-2023,South,Office Supplies,1,1047.71,654.63
ORD00683,CUST0323,13-06-2024,East,Office Supplies,3,1404.68,1104.54
ORD00684,CUST0025,12-02-2024,North,Furniture,1,1234.24,634.93
ORD00685,CUST0323,09-04-2023,West,Clothing,3,1932.62,1260.37
ORD00686,CUST0132,19-12-2023,North,Office Supplies,1,1885.23,1330.62
ORD00687,CUST0311,23-07-2023,South,Clothing,3,1760.43,1108.54
ORD00688,CUST0397,02-04-2024,North,Office Supplies,5,1575.31,1077.94
ORD00689,CUST0075,21-06-2023,East,Office Supplies,5,2943.86,2302.11
ORD00690,CUST0037,23-03-2023,South,Clothing,2,1704.71,1182.82
ORD00691,CUST0364,01-10-2023,West,Clothing,4,3948.68,3247.58
ORD00692,CUST0383,17-06-2024,West,Office Supplies,2,1082.65,444.31
ORD00693,CUST0373,29-08-2023,East,Electronics,2,1001.17,446.88
ORD00694,CUST0033,29-04-2024,North,Electronics,4,2715.12,2302.98
ORD00695,CUST0054,26-09-2023,South,Electronics,4,1684.98,861.58
ORD00696,CUST0146,29-03-2024,South,Furniture,5,4224.89,1744.28
ORD00697,CUST0340,01-01-2024,East,Office Supplies,4,4879.91,3139.06
ORD00698,CUST0140,31-03-2024,South,Home Appliances,2,3035.99,1838.12
ORD00699,CUST0384,21-03-2024,East,Clothing,4,2790.41,2126.62
ORD00700,CUST0227,12-11-2023,East,Office Supplies,3,947.44,383.48
ORD00701,CUST0268,20-05-2023,East,Clothing,4,2768.47,1964.22
ORD00702,CUST0252,03-05-2024,East,Electronics,4,4030.23,2694.82
ORD00703,CUST0004,18-01-2024,South,Office Supplies,5,2298.11,1177.67
ORD00704,CUST0367,04-02-2024,West,Furniture,3,580.21,395.35
ORD00705,CUST0265,06-10-2023,East,Home Appliances,3,2181.94,1710.79
ORD00706,CUST0094,20-05-2023,East,Electronics,4,3165.1,1653.64
ORD00707,CUST0319,18-05-2024,South,Clothing,1,930.32,778.09
ORD00708,CUST0012,10-07-2023,North,Clothing,3,800.19,477.94
ORD00709,CUST0005,27-08-2023,North,Furniture,1,2569.18,1422.97
ORD00710,CUST0160,25-05-2024,East,Office Supplies,1,1785.19,1391.73
ORD00711,CUST0075,27-02-2023,East,Office Supplies,1,2807.32,1352.35
ORD00712,CUST0129,26-01-2024,North,Electronics,2,2047.03,1716.92
ORD00713,CUST0127,04-02-2023,South,Office Supplies,1,2701.47,2274.51
ORD00714,CUST0243,03-02-2024,East,Clothing,2,3219.99,1349.12
ORD00715,CUST0282,17-06-2024,North,Clothing,4,3264.9,1597.93
ORD00716,CUST0027,12-08-2023,North,Furniture,4,1757.66,835.44
ORD00717,CUST0142,03-05-2023,West,Furniture,1,4850.41,3208.47
ORD00718,CUST0354,01-05-2024,South,Clothing,1,1393.87,871.12
ORD00719,CUST0352,13-12-2023,North,Electronics,3,3293.96,2357.15
ORD00720,CUST0055,09-05-2023,West,Furniture,3,4912.04,3707.87
ORD00721,CUST0388,22-12-2023,West,Furniture,1,3508.4,1968.83
ORD00722,CUST0069,14-09-2023,North,Office Supplies,4,2883.32,1857.52
ORD00723,CUST0251,14-07-2023,South,Home Appliances,3,1753.67,1071.1
ORD00724,CUST0307,14-06-2023,North,Home Appliances,2,2357.04,1811.95
ORD00725,CUST0278,11-01-2024,West,Electronics,5,2019.41,976.37
ORD00726,CUST0010,08-01-2024,South,Clothing,1,3359.79,2158.77
ORD00727,CUST0199,14-07-2023,West,Home Appliances,2,3142.59,1713.25
ORD00728,CUST0329,26-11-2023,North,Electronics,5,3362.68,1411.32
ORD00729,CUST0067,02-07-2023,North,Furniture,1,2529.78,1124.33
ORD00730,CUST0293,02-02-2024,West,Home Appliances,5,3566.31,1837.26
ORD00731,CUST0188,15-08-2023,North,Electronics,2,3347.6,2737.61
ORD00732,CUST0041,24-04-2024,North,Clothing,5,3768.69,3017.57
ORD00733,CUST0189,01-03-2023,East,Home Appliances,1,3724.64,2888.48
ORD00734,CUST0040,10-08-2023,North,Electronics,2,2751.97,1335.41
ORD00735,CUST0270,12-09-2023,South,Home Appliances,5,2192.89,981.28
ORD00736,CUST0327,02-01-2024,West,Office Supplies,1,1000.68,481.51
ORD00737,CUST0206,31-05-2024,East,Furniture,5,4992.48,2992.27
ORD00738,CUST0181,19-11-2023,East,Clothing,4,3868.08,2296.73
ORD00739,CUST0372,28-11-2023,South,Home Appliances,5,1226.86,913.48
ORD00740,CUST0382,18-09-2023,East,Office Supplies,4,4807.16,1923.29
ORD00741,CUST0018,19-10-2023,North,Home Appliances,2,4968.38,2662.2
ORD00742,CUST0154,16-08-2023,South,Clothing,1,3903.31,3218.3
ORD00743,CUST0142,07-06-2024,South,Electronics,1,2409.78,1133.19
ORD00744,CUST0136,11-01-2024,South,Furniture,3,4093.16,1806.55
ORD00745,CUST0205,11-08-2023,North,Clothing,4,1029.93,794.66
ORD00746,CUST0354,08-04-2023,East,Electronics,5,2031.42,1525.71
ORD00747,CUST0395,09-12-2023,East,Office Supplies,4,4665.18,2119.13
ORD00748,CUST0395,21-08-2023,North,Office Supplies,1,1662.96,696
ORD00749,CUST0277,03-06-2023,East,Home Appliances,2,935.35,657.68
ORD00750,CUST0202,01-04-2024,North,Furniture,4,1590.96,918.69
ORD00751,CUST0068,11-12-2023,North,Office Supplies,5,3777.51,2442.8
ORD00752,CUST0135,29-03-2023,West,Home Appliances,4,3914.36,1795.39
ORD00753,CUST0070,07-05-2024,South,Office Supplies,4,3330.79,1626.24
ORD00754,CUST0316,20-06-2024,South,Furniture,1,1478.03,877.25
ORD00755,CUST0351,02-04-2023,North,Office Supplies,4,1953.28,948.75
ORD00756,CUST0177,25-01-2023,East,Furniture,3,3157.86,2670.2
ORD00757,CUST0227,30-05-2023,West,Electronics,2,1158.49,658.28
ORD00758,CUST0388,29-03-2023,North,Electronics,2,4754.92,3884.9
ORD00759,CUST0148,15-01-2023,East,Electronics,3,2360.3,968.28
ORD00760,CUST0108,05-08-2023,South,Home Appliances,5,3801.7,2459.55
ORD00761,CUST0319,25-05-2023,North,Office Supplies,5,4548.99,2897.98
ORD00762,CUST0131,24-06-2023,North,Clothing,2,3988.1,2704.27
ORD00763,CUST0028,21-04-2024,North,Electronics,4,3369.79,2353.26
ORD00764,CUST0338,04-01-2024,North,Electronics,3,4363.57,3020.62
ORD00765,CUST0119,25-01-2024,North,Clothing,4,4360.51,2787.25
ORD00766,CUST0096,23-07-2023,West,Home Appliances,1,390.81,318.52
ORD00767,CUST0157,08-12-2023,West,Office Supplies,2,288.19,204.02
ORD00768,CUST0182,06-11-2023,South,Home Appliances,3,4097.09,2792.6
ORD00769,CUST0199,31-01-2023,East,Furniture,2,1840.57,1061.61
ORD00770,CUST0071,31-03-2023,West,Home Appliances,5,4388.97,3111.5
ORD00771,CUST0214,04-09-2023,South,Office Supplies,3,4566.73,2503.38
ORD00772,CUST0278,15-05-2023,South,Furniture,5,2798.5,2126.99
ORD00773,CUST0071,13-11-2023,South,Office Supplies,2,3349.91,2191.44
ORD00774,CUST0081,22-11-2023,North,Home Appliances,5,4753.29,2154.54
ORD00775,CUST0163,30-05-2023,North,Clothing,4,4813.74,2582.6
ORD00776,CUST0382,08-10-2023,South,Furniture,1,831.42,342.37
ORD00777,CUST0314,01-10-2023,South,Home Appliances,2,1308.38,538.71
ORD00778,CUST0041,03-05-2024,South,Home Appliances,5,2450.06,1696.19
ORD00779,CUST0095,01-02-2024,West,Office Supplies,2,986.17,494.88
ORD00780,CUST0210,16-01-2023,East,Office Supplies,2,3763.36,3178.95
ORD00781,CUST0388,29-07-2023,North,Furniture,4,4362.22,2706.65
ORD00782,CUST0167,13-04-2024,South,Office Supplies,4,3925.83,2644.32
ORD00783,CUST0195,17-11-2023,West,Home Appliances,5,3050.27,1941.05
ORD00784,CUST0361,09-02-2023,North,Office Supplies,4,4169.65,1747.45
ORD00785,CUST0126,15-06-2024,West,Electronics,5,2059.51,1532.94
ORD00786,CUST0026,14-07-2023,East,Office Supplies,4,4445.11,3325.63
ORD00787,CUST0147,17-04-2024,South,Office Supplies,3,3143.04,1334.37
ORD00788,CUST0265,26-05-2023,West,Office Supplies,1,3668.7,1654.32
ORD00789,CUST0399,19-05-2023,West,Office Supplies,3,2364.25,1136.01
ORD00790,CUST0303,26-07-2023,West,Electronics,3,1755.56,1214.6
ORD00791,CUST0365,17-06-2023,North,Electronics,1,3589.89,2460.27
ORD00792,CUST0044,20-06-2024,West,Home Appliances,5,4758.82,2714.46
ORD00793,CUST0195,14-02-2023,South,Clothing,5,4382.27,3454.12
ORD00794,CUST0084,29-05-2023,South,Electronics,4,1678.7,1223.06
ORD00795,CUST0229,23-10-2023,South,Electronics,2,4810.08,1931.68
ORD00796,CUST0392,17-09-2023,North,Office Supplies,4,4305.97,2775.52
ORD00797,CUST0003,20-05-2024,South,Furniture,5,3365.46,2033.35
ORD00798,CUST0227,23-03-2023,North,Furniture,5,1534.94,1048.19
ORD00799,CUST0107,20-02-2023,South,Furniture,1,3335.73,1389.41
ORD00800,CUST0017,02-11-2023,East,Electronics,1,722.66,612.22
ORD00801,CUST0083,19-10-2023,South,Office Supplies,5,1928.91,802.67
ORD00802,CUST0394,03-11-2023,East,Clothing,4,4137.27,3066.95
ORD00803,CUST0282,08-03-2023,East,Office Supplies,2,785.71,618.14
ORD00804,CUST0169,23-06-2024,West,Home Appliances,2,3539.98,2390.99
ORD00805,CUST0056,31-03-2023,West,Home Appliances,3,2249.86,1758.29
ORD00806,CUST0133,22-06-2024,East,Furniture,5,2900.64,1838.62
ORD00807,CUST0324,24-05-2024,West,Furniture,5,1317.06,698.99
ORD00808,CUST0100,02-01-2023,North,Electronics,4,3202.21,1450.81
ORD00809,CUST0107,29-02-2024,West,Electronics,3,1878.32,1432.63
ORD00810,CUST0109,12-01-2023,South,Clothing,3,3992.94,2150.19
ORD00811,CUST0260,28-11-2023,North,Electronics,3,1838.54,1334.74
ORD00812,CUST0316,30-01-2023,South,Furniture,3,4202.36,3425.03
ORD00813,CUST0246,30-04-2024,North,Furniture,4,945.85,574.39
ORD00814,CUST0275,10-12-2023,West,Office Supplies,1,4208.51,2250.31
ORD00815,CUST0372,20-11-2023,North,Furniture,5,3490.37,2651.95
ORD00816,CUST0182,09-03-2023,South,Clothing,1,1827.93,1039.83
ORD00817,CUST0274,19-06-2023,West,Furniture,5,760.85,572.2
ORD00818,CUST0158,19-11-2023,North,Clothing,4,616.63,490.02
ORD00819,CUST0191,07-04-2024,East,Furniture,5,1651.13,743.84
ORD00820,CUST0020,26-07-2023,North,Office Supplies,5,319.69,197.31
ORD00821,CUST0257,07-06-2023,South,Clothing,4,3715.72,2361.83
ORD00822,CUST0398,02-12-2023,South,Electronics,5,3448.24,1585.23
ORD00823,CUST0371,07-02-2023,West,Office Supplies,5,756.01,408.2
ORD00824,CUST0023,31-03-2023,East,Office Supplies,1,694.89,517.54
ORD00825,CUST0382,16-11-2023,North,Home Appliances,3,3266.48,1615.05
ORD00826,CUST0103,17-07-2023,East,Clothing,5,1731.92,1036.56
ORD00827,CUST0061,07-10-2023,South,Furniture,3,749.41,622.94
ORD00828,CUST0287,10-06-2024,North,Furniture,5,1881.53,1022.27
ORD00829,CUST0073,18-10-2023,South,Furniture,1,1694.61,1358.25
ORD00830,CUST0277,30-03-2024,North,Furniture,1,2459.53,1731.44
ORD00831,CUST0055,28-01-2024,North,Electronics,4,2081.2,1492.44
ORD00832,CUST0304,01-04-2024,East,Clothing,3,4123.72,2972.4
ORD00833,CUST0344,22-03-2023,West,Home Appliances,2,646,491.64
ORD00834,CUST0358,24-04-2024,North,Office Supplies,3,3485.49,2508.15
ORD00835,CUST0239,26-04-2024,South,Furniture,2,4333.26,2936.32
ORD00836,CUST0187,06-02-2024,South,Clothing,3,2375.76,982.66
ORD00837,CUST0244,26-04-2023,East,Office Supplies,4,4259.68,2244.92
ORD00838,CUST0179,11-05-2023,North,Office Supplies,1,1764.17,1221.25
ORD00839,CUST0155,17-04-2024,West,Home Appliances,4,1345.16,685.58
ORD00840,CUST0082,08-05-2024,West,Electronics,3,1199.54,854.46
ORD00841,CUST0221,21-03-2024,East,Home Appliances,2,1030.81,722.93
ORD00842,CUST0379,13-05-2024,North,Home Appliances,5,2421.96,1573.76
ORD00843,CUST0228,30-06-2023,East,Office Supplies,1,3071.64,2176.19
ORD00844,CUST0306,24-01-2024,East,Office Supplies,1,634.56,487.13
ORD00845,CUST0298,01-01-2023,South,Furniture,4,2750.03,1582.62
ORD00846,CUST0296,02-04-2024,South,Furniture,3,1638.73,1241.27
ORD00847,CUST0348,08-11-2023,West,Clothing,1,2997.09,2023.55
ORD00848,CUST0262,18-02-2024,South,Clothing,1,1972.27,1276.06
ORD00849,CUST0028,01-01-2023,East,Electronics,3,4355.26,2203.15
ORD00850,CUST0360,08-02-2024,East,Office Supplies,4,2031.51,1310.94
ORD00851,CUST0340,27-06-2023,West,Furniture,2,2866.02,2234.06
ORD00852,CUST0185,03-03-2024,South,Clothing,2,844.53,365.08
ORD00853,CUST0009,28-05-2023,West,Office Supplies,2,606.38,417.8
ORD00854,CUST0213,11-04-2024,West,Home Appliances,2,2381.09,1406.88
ORD00855,CUST0231,29-01-2024,East,Furniture,2,2238.9,903.05
ORD00856,CUST0256,31-08-2023,East,Office Supplies,5,2966.49,1231.26
ORD00857,CUST0020,09-05-2024,East,Electronics,5,2511.36,1784.88
ORD00858,CUST0073,23-06-2024,East,Office Supplies,5,575.53,460.69
ORD00859,CUST0046,09-09-2023,West,Electronics,5,4030.87,2179.19
ORD00860,CUST0028,18-12-2023,North,Office Supplies,4,2660.78,1626.15
ORD00861,CUST0376,06-12-2023,West,Clothing,3,1588.2,660.53
ORD00862,CUST0306,08-11-2023,East,Electronics,4,2975.08,1956.97
ORD00863,CUST0337,26-10-2023,North,Clothing,4,596.05,374.03
ORD00864,CUST0143,16-09-2023,South,Home Appliances,3,1521.04,784.29
ORD00865,CUST0380,25-04-2023,South,Home Appliances,2,3363.95,1905.32
ORD00866,CUST0090,25-09-2023,South,Office Supplies,2,4036.99,3180.77
ORD00867,CUST0176,28-03-2023,South,Home Appliances,2,4220.55,3117.9
ORD00868,CUST0212,28-01-2024,South,Office Supplies,2,1212.11,885.4
ORD00869,CUST0177,25-02-2023,East,Electronics,1,1004.48,582.03
ORD00870,CUST0155,02-05-2024,South,Office Supplies,4,2478.03,1153.07
ORD00871,CUST0223,13-01-2023,East,Office Supplies,4,3456.77,2878.77
ORD00872,CUST0350,12-02-2023,North,Home Appliances,3,4789.68,2846.52
ORD00873,CUST0334,07-10-2023,East,Clothing,3,4051.12,2085.94
ORD00874,CUST0300,05-02-2024,West,Furniture,5,3898.39,2471.5
ORD00875,CUST0347,04-07-2023,East,Home Appliances,1,3429.45,2655.29
ORD00876,CUST0007,26-02-2024,North,Home Appliances,1,3490.4,1948.28
ORD00877,CUST0372,18-10-2023,East,Furniture,1,313.76,138.49
ORD00878,CUST0305,11-08-2023,North,Electronics,1,4310.92,1976.38
ORD00879,CUST0337,09-07-2023,North,Furniture,3,1613.93,1125.26
ORD00880,CUST0039,09-04-2024,East,Office Supplies,3,1435.22,1078.32
ORD00881,CUST0142,05-03-2023,West,Office Supplies,3,4980.6,2571.02
ORD00882,CUST0136,02-07-2023,West,Electronics,4,4901.23,2403.08
ORD00883,CUST0202,02-07-2023,West,Electronics,2,2795.03,1660.43
ORD00884,CUST0315,19-04-2023,West,Clothing,1,367.33,158.57
ORD00885,CUST0373,14-09-2023,West,Electronics,4,914.5,629.31
ORD00886,CUST0020,04-02-2024,East,Furniture,3,4542.16,2991.41
ORD00887,CUST0264,17-05-2024,West,Office Supplies,4,4251.44,3194.62
ORD00888,CUST0036,20-08-2023,North,Office Supplies,4,781.78,501.03
ORD00889,CUST0184,08-12-2023,East,Office Supplies,1,3234.91,2689.73
ORD00890,CUST0047,10-01-2024,East,Electronics,4,3850.17,2042.44
ORD00891,CUST0104,30-06-2023,North,Office Supplies,2,1634.58,940.78
ORD00892,CUST0055,03-01-2024,West,Electronics,4,3729.56,1726.69
ORD00893,CUST0099,26-01-2023,South,Office Supplies,4,502.36,323.14
ORD00894,CUST0158,26-05-2024,West,Electronics,1,1828.57,1009.32
ORD00895,CUST0370,13-02-2023,West,Electronics,2,4074.1,2853.06
ORD00896,CUST0235,02-06-2023,South,Electronics,1,3730.21,2312.74
ORD00897,CUST0010,27-04-2024,North,Furniture,2,268.95,184.15
ORD00898,CUST0158,10-04-2023,West,Home Appliances,2,4209.69,1805.03
ORD00899,CUST0055,27-04-2023,West,Home Appliances,5,1258.75,959.17
ORD00900,CUST0219,12-12-2023,West,Clothing,1,4884.1,3219.53
ORD00901,CUST0071,26-11-2023,South,Electronics,5,1032.55,442.4
ORD00902,CUST0141,25-05-2023,West,Furniture,3,2856.36,1706.38
ORD00903,CUST0298,11-02-2023,South,Electronics,5,2005.43,944.54
ORD00904,CUST0250,24-03-2023,North,Electronics,2,4645.46,3335.6
ORD00905,CUST0304,18-10-2023,West,Office Supplies,2,1189.57,818.33
ORD00906,CUST0268,06-04-2024,West,Furniture,2,3130.58,1305.23
ORD00907,CUST0093,26-05-2024,North,Clothing,3,2210.17,1438.75
ORD00908,CUST0099,01-05-2023,North,Home Appliances,3,4341.11,3664.12
ORD00909,CUST0260,13-08-2023,West,Furniture,3,454.73,204.95
ORD00910,CUST0077,30-04-2024,West,Furniture,2,3416.68,1432.96
ORD00911,CUST0331,08-01-2024,East,Furniture,4,1406.63,953.09
ORD00912,CUST0389,09-04-2024,North,Electronics,1,4639.33,2222.93
ORD00913,CUST0015,11-05-2024,North,Electronics,2,3662.73,2442.01
ORD00914,CUST0167,05-03-2024,South,Clothing,2,3939.08,2153.73
ORD00915,CUST0051,31-08-2023,West,Furniture,4,4478.55,1939.61
ORD00916,CUST0300,11-05-2024,North,Office Supplies,2,1237.59,834.44
ORD00917,CUST0092,01-02-2024,East,Furniture,4,3655.14,2501.61
ORD00918,CUST0139,27-07-2023,East,Furniture,1,3522.61,1503.6
ORD00919,CUST0070,24-04-2023,West,Office Supplies,4,1021.77,566.68
ORD00920,CUST0152,10-06-2023,South,Home Appliances,5,4304.02,1889.09
ORD00921,CUST0268,15-05-2024,South,Home Appliances,4,4217.55,2216.86
ORD00922,CUST0374,14-03-2024,South,Furniture,3,2284.39,1142.38
ORD00923,CUST0303,02-06-2023,North,Office Supplies,1,392.28,239.99
ORD00924,CUST0394,31-05-2024,North,Office Supplies,5,2092.74,1599.63
ORD00925,CUST0357,11-04-2023,West,Office Supplies,2,598.84,442.47
ORD00926,CUST0355,21-02-2024,South,Furniture,3,1619.79,1119.98
ORD00927,CUST0047,17-01-2023,West,Clothing,2,3575.86,2810.86
ORD00928,CUST0383,25-01-2023,West,Office Supplies,2,4396.16,2560.38
ORD00929,CUST0190,20-04-2024,North,Electronics,4,4488.49,2467.81
ORD00930,CUST0017,31-10-2023,West,Clothing,5,2803.69,2123.84
ORD00931,CUST0351,24-03-2023,East,Electronics,5,4737.55,3333.31
ORD00932,CUST0027,24-04-2023,West,Clothing,4,3171.84,1790.53
ORD00933,CUST0090,10-03-2023,South,Furniture,3,1345.44,606.93
ORD00934,CUST0245,03-08-2023,South,Clothing,3,4510.08,2826.04
ORD00935,CUST0217,11-10-2023,North,Electronics,3,1857.09,1149.17
ORD00936,CUST0270,06-05-2023,West,Home Appliances,5,4517.37,2725.74
ORD00937,CUST0189,09-03-2023,South,Office Supplies,1,584.82,470.24
ORD00938,CUST0148,20-03-2023,North,Furniture,3,737.72,344.2
ORD00939,CUST0078,29-07-2023,North,Clothing,4,4853.96,3124.23
ORD00940,CUST0068,30-04-2024,East,Office Supplies,4,3741,1532.56
ORD00941,CUST0097,06-03-2023,North,Furniture,5,3294.43,1928.1
ORD00942,CUST0176,01-12-2023,West,Home Appliances,5,4241.16,2546.25
ORD00943,CUST0156,16-05-2023,East,Furniture,3,1288.55,731.07
ORD00944,CUST0148,18-02-2023,South,Clothing,3,2388.45,1134.19
ORD00945,CUST0083,20-10-2023,South,Furniture,2,974.02,440.85
ORD00946,CUST0163,10-05-2023,West,Clothing,3,1085.58,709.01
ORD00947,CUST0018,21-11-2023,East,Furniture,3,2352.46,1973.62
ORD00948,CUST0274,05-11-2023,North,Electronics,4,4669.13,3482.39
ORD00949,CUST0235,24-11-2023,South,Electronics,5,4882.88,2681.07
ORD00950,CUST0362,30-10-2023,West,Clothing,5,3401.06,2584.16
ORD00951,CUST0374,28-03-2024,East,Electronics,4,4520.84,2091.98
ORD00952,CUST0283,30-04-2023,East,Electronics,4,3164.11,1579.41
ORD00953,CUST0183,05-04-2023,East,Electronics,5,3278.3,2172.02
ORD00954,CUST0114,12-10-2023,South,Electronics,1,2784.38,1671.9
ORD00955,CUST0344,31-03-2023,West,Furniture,4,1725.24,1159.85
ORD00956,CUST0029,05-01-2024,West,Furniture,4,1974.22,1120.91
ORD00957,CUST0146,20-12-2023,East,Clothing,4,4396.65,1931.97
ORD00958,CUST0373,30-03-2024,West,Office Supplies,3,986.19,717.55
ORD00959,CUST0218,29-02-2024,South,Home Appliances,5,613.17,302.6
ORD00960,CUST0244,21-06-2024,East,Electronics,5,3829.35,1684.15
ORD00961,CUST0210,07-10-2023,West,Furniture,5,2418.18,1585.27
ORD00962,CUST0071,24-07-2023,South,Office Supplies,3,2858.56,1197.75
ORD00963,CUST0155,08-11-2023,West,Home Appliances,4,1277.7,966
ORD00964,CUST0079,26-09-2023,East,Office Supplies,1,3338.3,2676.34
ORD00965,CUST0214,03-07-2023,West,Furniture,1,772.9,405.58
ORD00966,CUST0035,06-01-2024,West,Home Appliances,4,4368.06,2981.63
ORD00967,CUST0244,03-05-2023,East,Home Appliances,5,284.22,146.88
ORD00968,CUST0298,01-03-2023,South,Clothing,4,4415.92,2035.62
ORD00969,CUST0084,24-02-2023,East,Clothing,4,3253.99,2700.23
ORD00970,CUST0025,24-10-2023,East,Home Appliances,1,2666.56,1986.32
ORD00971,CUST0094,07-04-2023,South,Home Appliances,3,4387.73,3387.63
ORD00972,CUST0351,05-11-2023,East,Clothing,1,2765.22,1543.64
ORD00973,CUST0074,14-01-2023,South,Home Appliances,3,1990.47,1230.52
ORD00974,CUST0175,16-06-2023,North,Furniture,2,2616.24,2025.51
ORD00975,CUST0287,22-06-2024,North,Office Supplies,4,4596.95,2079.91
ORD00976,CUST0068,18-01-2023,West,Clothing,3,3517.04,1626.83
ORD00977,CUST0227,19-06-2024,East,Furniture,3,338.05,259.14
ORD00978,CUST0114,12-05-2023,South,Furniture,3,801.65,367.64
ORD00979,CUST0041,11-03-2024,North,Electronics,1,3918.52,2902.84
ORD00980,CUST0022,21-07-2023,North,Electronics,5,3047.25,1862.14
ORD00981,CUST0130,14-02-2023,North,Clothing,1,3821.84,2874.28
ORD00982,CUST0309,30-07-2023,South,Furniture,3,340.44,158.48
ORD00983,CUST0383,12-10-2023,East,Clothing,2,4304.66,3234.35
ORD00984,CUST0314,05-09-2023,North,Electronics,5,3863.57,2464.87
ORD00985,CUST0367,16-07-2023,East,Furniture,5,220.78,160.38
ORD00986,CUST0110,31-05-2024,West,Clothing,5,1088.6,765.38
ORD00987,CUST0055,05-07-2023,East,Office Supplies,4,1228.52,617.21
ORD00988,CUST0058,18-11-2023,North,Office Supplies,1,2694.69,1679.11
ORD00989,CUST0185,23-10-2023,North,Electronics,3,2569.82,1472.9
ORD00990,CUST0234,16-11-2023,West,Furniture,5,2154.95,1817.13
ORD00991,CUST0220,13-07-2023,North,Office Supplies,3,1060.63,900.93
ORD00992,CUST0252,18-04-2023,West,Office Supplies,5,3361.03,1472.98
ORD00993,CUST0074,09-02-2024,West,Home Appliances,1,3758.87,3013.08
ORD00994,CUST0087,08-03-2023,East,Furniture,3,1161.26,905.57
ORD00995,CUST0207,06-05-2023,South,Office Supplies,4,1536.89,1108.21
ORD00996,CUST0298,07-10-2023,West,Clothing,4,3400.05,2813.75
ORD00997,CUST0249,07-06-2024,East,Furniture,4,718.58,368.5
ORD00998,CUST0255,25-08-2023,South,Electronics,1,3741.43,2894.52
ORD00999,CUST0256,28-01-2023,South,Office Supplies,5,3460.18,1621.9
ORD01000,CUST0319,09-04-2023,North,Home Appliances,4,4005.11,1965.99
ORD01001,CUST0339,24-05-2024,West,Home Appliances,3,2803.7,2142.77
ORD01002,CUST0277,19-01-2023,North,Office Supplies,1,2041.42,1105.53
ORD01003,CUST0193,29-03-2024,West,Electronics,1,1048.97,730.85
ORD01004,CUST0400,07-11-2023,South,Office Supplies,4,845.54,610.54
ORD01005,CUST0250,23-04-2023,West,Home Appliances,5,2946.61,1809.69
ORD01006,CUST0081,02-06-2024,North,Office Supplies,3,2574.52,2154.59
ORD01007,CUST0316,28-12-2023,East,Clothing,1,335.11,140.85
ORD01008,CUST0188,24-12-2023,North,Clothing,4,667.28,370.55
ORD01009,CUST0183,26-02-2024,East,Electronics,2,1388.55,960.37
ORD01010,CUST0304,28-03-2023,North,Clothing,1,1820.45,744.33
ORD01011,CUST0167,08-02-2023,West,Office Supplies,5,2670.85,1574.54
ORD01012,CUST0011,25-04-2024,North,Clothing,4,2937.7,1601.31
ORD01013,CUST0051,15-05-2024,North,Furniture,3,2584.31,1977.4
ORD01014,CUST0342,14-12-2023,South,Home Appliances,3,1944,1159.01
ORD01015,CUST0255,19-03-2023,South,Clothing,3,428.15,363.2
ORD01016,CUST0206,20-08-2023,North,Home Appliances,1,3040.95,1590.46
ORD01017,CUST0291,01-05-2024,West,Furniture,3,4019.13,2786.03
ORD01018,CUST0155,31-05-2024,East,Office Supplies,5,1704.09,999.35
ORD01019,CUST0129,11-06-2024,West,Home Appliances,2,4428.3,3022.45
ORD01020,CUST0265,11-07-2023,West,Furniture,4,1486.09,1021.04
ORD01021,CUST0315,20-03-2024,North,Home Appliances,2,1948.52,908.95
ORD01022,CUST0078,04-11-2023,West,Office Supplies,3,4328.89,3506.45
ORD01023,CUST0325,28-07-2023,West,Clothing,3,3301,1701.34
ORD01024,CUST0308,30-08-2023,West,Furniture,1,919.82,379.4
ORD01025,CUST0159,20-04-2024,West,Home Appliances,4,2225.69,1797.34
ORD01026,CUST0104,13-06-2023,East,Furniture,1,1440.3,1096.92
ORD01027,CUST0338,30-06-2023,North,Office Supplies,1,465.57,374.05
ORD01028,CUST0161,02-11-2023,North,Office Supplies,3,3424.03,2734.34
ORD01029,CUST0204,24-05-2023,South,Electronics,5,3725.51,3054.25
ORD01030,CUST0268,21-06-2024,East,Office Supplies,1,1342.77,610.99
ORD01031,CUST0161,04-12-2023,West,Furniture,4,1246.44,558.49
ORD01032,CUST0110,09-10-2023,West,Office Supplies,3,4341.92,1846.04
ORD01033,CUST0274,19-01-2024,North,Clothing,5,2234.15,1580.06
ORD01034,CUST0143,29-05-2023,East,Office Supplies,3,4142.55,1696.31
ORD01035,CUST0311,05-02-2023,North,Furniture,3,2853.09,1538.3
ORD01036,CUST0359,07-01-2024,North,Home Appliances,2,4316.71,2481.3
ORD01037,CUST0202,19-09-2023,East,Electronics,2,1627.63,1280.52
ORD01038,CUST0083,25-03-2024,East,Office Supplies,1,1515.38,660.77
ORD01039,CUST0400,18-05-2024,West,Office Supplies,3,3643.45,2894.88
ORD01040,CUST0052,14-06-2023,East,Home Appliances,1,1888.91,1267.37
ORD01041,CUST0281,01-12-2023,West,Electronics,1,3278.59,1582.52
ORD01042,CUST0228,20-05-2023,North,Office Supplies,2,3215.82,1740.32
ORD01043,CUST0043,24-04-2023,South,Furniture,5,3625.11,2702.24
ORD01044,CUST0333,14-05-2023,West,Clothing,4,2496.15,1824.25
ORD01045,CUST0134,27-06-2023,East,Clothing,2,605.11,342.14
ORD01046,CUST0202,22-01-2024,South,Electronics,1,4630.94,3200.9
ORD01047,CUST0321,23-08-2023,North,Office Supplies,2,1456.56,1140.96
ORD01048,CUST0026,15-02-2024,West,Home Appliances,3,916.41,761.64
ORD01049,CUST0088,01-05-2023,North,Home Appliances,4,3912.12,3199.05
ORD01050,CUST0345,21-05-2024,North,Furniture,2,1114.61,878.17
ORD01051,CUST0137,22-10-2023,West,Office Supplies,2,2270.28,1119.19
ORD01052,CUST0111,17-10-2023,South,Office Supplies,2,2160.92,1006.28
ORD01053,CUST0149,26-09-2023,South,Home Appliances,4,4555.18,2579.77
ORD01054,CUST0351,14-04-2024,North,Electronics,4,839.38,457.85
ORD01055,CUST0355,12-02-2024,South,Office Supplies,4,3733.3,1923.78
ORD01056,CUST0049,02-03-2023,North,Clothing,2,2460.48,1376.48
ORD01057,CUST0311,16-02-2023,North,Clothing,5,3174.36,1701.86
ORD01058,CUST0203,15-01-2024,South,Home Appliances,1,2986.34,1544.33
ORD01059,CUST0258,19-05-2024,East,Office Supplies,2,630.31,453.58
ORD01060,CUST0222,26-05-2023,East,Electronics,3,411.98,188.5
ORD01061,CUST0144,05-01-2024,West,Clothing,3,3142.07,2333.63
ORD01062,CUST0136,13-06-2024,East,Office Supplies,2,1714.61,1453.23
ORD01063,CUST0392,04-06-2023,West,Electronics,2,913.38,459.83
ORD01064,CUST0019,26-04-2024,East,Furniture,4,2294.86,1945.68
ORD01065,CUST0254,11-02-2023,West,Clothing,5,2528.96,1572.62
ORD01066,CUST0369,01-06-2023,North,Clothing,1,1177.92,621.77
ORD01067,CUST0087,04-06-2024,East,Home Appliances,5,1219.5,1035.48
ORD01068,CUST0003,22-06-2024,South,Office Supplies,1,1381.56,862.3
ORD01069,CUST0049,03-12-2023,North,Clothing,1,2092.02,1392.56
ORD01070,CUST0055,28-11-2023,South,Electronics,1,2409.12,1730.88
ORD01071,CUST0246,09-04-2024,East,Home Appliances,1,1781.25,747.65
ORD01072,CUST0319,08-04-2024,East,Home Appliances,2,1214.56,512.43
ORD01073,CUST0330,17-10-2023,East,Electronics,1,2826.35,1896.57
ORD01074,CUST0048,13-02-2024,East,Furniture,2,4832.24,3814.97
ORD01075,CUST0046,22-01-2023,South,Furniture,4,3941.56,2082.02
ORD01076,CUST0386,07-06-2023,North,Clothing,4,4045.28,2957.71
ORD01077,CUST0159,15-05-2023,East,Electronics,3,2660.74,1650.54
ORD01078,CUST0199,02-05-2024,East,Home Appliances,5,2230.74,1651.69
ORD01079,CUST0189,10-07-2023,West,Office Supplies,1,394.1,218.25
ORD01080,CUST0238,18-08-2023,South,Office Supplies,5,3221.89,2049.46
ORD01081,CUST0149,24-04-2024,West,Electronics,4,1641.89,1383.92
ORD01082,CUST0351,04-11-2023,South,Home Appliances,4,1618.31,682.08
ORD01083,CUST0040,16-02-2023,North,Home Appliances,4,2182.49,1329.34
ORD01084,CUST0369,17-09-2023,East,Clothing,5,592.49,371.22
ORD01085,CUST0059,18-04-2024,South,Furniture,4,417.24,245.05
ORD01086,CUST0361,01-11-2023,East,Home Appliances,4,3835.3,2310.68
ORD01087,CUST0136,16-12-2023,South,Furniture,2,575.46,484.53
ORD01088,CUST0133,19-04-2023,West,Home Appliances,1,228.07,103.2
ORD01089,CUST0088,03-05-2024,West,Office Supplies,5,3684.37,1975.78
ORD01090,CUST0316,05-01-2024,West,Clothing,1,800.43,325.17
ORD01091,CUST0058,17-01-2023,South,Electronics,2,2509.36,1167.65
ORD01092,CUST0124,22-03-2024,South,Electronics,3,3894.66,1817.54
ORD01093,CUST0217,23-01-2023,North,Furniture,2,3746.15,2249.07
ORD01094,CUST0249,27-04-2024,North,Office Supplies,5,1364.62,726.9
ORD01095,CUST0201,22-02-2023,East,Electronics,1,3225.97,2325.58
ORD01096,CUST0213,22-05-2024,East,Electronics,4,2118.47,1336.78
ORD01097,CUST0372,14-05-2024,South,Electronics,5,291.29,192.07
ORD01098,CUST0284,07-03-2023,East,Office Supplies,4,761.32,517.86
ORD01099,CUST0331,22-12-2023,West,Office Supplies,1,974.4,708.19
ORD01100,CUST0241,19-12-2023,West,Furniture,5,1254.57,1015.05
ORD01101,CUST0174,24-04-2024,South,Clothing,4,4807.06,3724.93
ORD01102,CUST0345,04-01-2024,West,Furniture,5,1194.6,849.14
ORD01103,CUST0045,09-05-2024,South,Furniture,2,950.31,590.6
ORD01104,CUST0213,20-05-2024,East,Furniture,2,2872.79,2440.92
ORD01105,CUST0184,25-09-2023,East,Furniture,2,4174.15,3349.78
ORD01106,CUST0017,07-03-2023,East,Office Supplies,1,3164.3,1437.57
ORD01107,CUST0115,13-05-2024,East,Clothing,3,3892.99,2906.28
ORD01108,CUST0286,01-10-2023,South,Home Appliances,5,3413.53,2450.51
ORD01109,CUST0225,13-04-2024,North,Electronics,5,3126.35,2458.17
ORD01110,CUST0053,12-02-2023,North,Furniture,1,4380.17,3547.69
ORD01111,CUST0081,27-10-2023,West,Home Appliances,4,3716.25,1652.55
ORD01112,CUST0332,08-01-2024,East,Furniture,1,4273.26,2553.7
ORD01113,CUST0213,07-01-2023,South,Office Supplies,3,1576.44,752.07
ORD01114,CUST0137,17-01-2024,West,Clothing,2,927.73,685.67
ORD01115,CUST0216,22-08-2023,South,Office Supplies,4,4606.5,3704.22
ORD01116,CUST0265,06-01-2024,North,Office Supplies,2,3896.73,2817.07
ORD01117,CUST0265,13-03-2023,North,Clothing,3,2127.92,1590.76
ORD01118,CUST0223,04-03-2023,West,Electronics,2,4532.05,1930.72
ORD01119,CUST0324,16-06-2024,East,Office Supplies,4,4451.76,3184.59
ORD01120,CUST0156,18-11-2023,East,Electronics,3,4521,3050.23
ORD01121,CUST0076,18-02-2024,West,Furniture,5,3196.93,2168.11
ORD01122,CUST0227,20-12-2023,West,Furniture,3,604.55,388.03
ORD01123,CUST0200,10-05-2023,East,Furniture,1,2656.02,1435.61
ORD01124,CUST0175,13-06-2023,North,Electronics,5,3044.02,1548.2
ORD01125,CUST0397,08-11-2023,West,Home Appliances,1,3713.53,2891.77
ORD01126,CUST0133,03-06-2024,East,Electronics,1,3831.49,3155.63
ORD01127,CUST0230,02-11-2023,North,Office Supplies,3,4918.16,3749.73
ORD01128,CUST0298,28-08-2023,East,Clothing,3,3401.23,2608.01
ORD01129,CUST0294,24-05-2023,West,Home Appliances,2,705.09,445.9
ORD01130,CUST0099,05-01-2024,West,Electronics,2,3615.87,2794.33
ORD01131,CUST0042,05-04-2023,North,Office Supplies,2,2486.01,1493.53
ORD01132,CUST0190,22-06-2024,West,Home Appliances,5,2690.94,1554.43
ORD01133,CUST0136,25-05-2024,West,Office Supplies,4,3712.24,2181.37
ORD01134,CUST0084,28-05-2023,South,Office Supplies,4,821.05,588.72
ORD01135,CUST0271,01-05-2023,South,Office Supplies,4,356.52,167.77
ORD01136,CUST0287,14-01-2024,North,Home Appliances,4,729.61,413.19
ORD01137,CUST0149,11-02-2023,South,Electronics,3,1663.64,945.79
ORD01138,CUST0151,12-05-2024,North,Furniture,2,3962.2,2336.87
ORD01139,CUST0157,18-10-2023,South,Furniture,4,210.01,135.75
ORD01140,CUST0035,15-02-2023,West,Office Supplies,5,1686.57,1017.96
ORD01141,CUST0173,22-01-2024,West,Home Appliances,2,3857.37,2419.13
ORD01142,CUST0236,05-04-2024,West,Furniture,3,628.71,428.24
ORD01143,CUST0320,24-02-2024,West,Furniture,4,1827.19,768.55
ORD01144,CUST0344,29-03-2024,East,Electronics,2,3594.6,2363.08
ORD01145,CUST0396,13-11-2023,North,Home Appliances,1,1123.65,762.3
ORD01146,CUST0296,24-02-2023,South,Office Supplies,5,4504.95,2045.82
ORD01147,CUST0273,04-07-2023,North,Clothing,2,1377.38,988.31
ORD01148,CUST0297,30-03-2024,North,Home Appliances,5,1738.07,1155.82
ORD01149,CUST0252,24-01-2023,East,Office Supplies,2,2191.69,1724.51
ORD01150,CUST0163,27-01-2024,East,Electronics,1,4902.97,3156.54
ORD01151,CUST0147,28-05-2023,South,Clothing,1,940.29,779.01
ORD01152,CUST0348,23-06-2023,North,Home Appliances,3,1071,772.18
ORD01153,CUST0153,04-02-2024,North,Clothing,2,2181.55,1190.9
ORD01154,CUST0193,04-05-2023,North,Furniture,2,3810.24,2528.91
ORD01155,CUST0253,04-06-2024,West,Electronics,3,491.03,299.12
ORD01156,CUST0209,09-03-2023,West,Electronics,4,3241,2629.04
ORD01157,CUST0010,03-10-2023,North,Furniture,5,3327.44,1519
ORD01158,CUST0291,21-02-2024,West,Electronics,5,1176.59,983.11
ORD01159,CUST0192,22-06-2023,South,Home Appliances,4,4814.49,3128.54
ORD01160,CUST0022,02-01-2023,West,Home Appliances,3,3334.68,1585.05
ORD01161,CUST0031,08-05-2024,East,Home Appliances,3,4229.54,2415.36
ORD01162,CUST0180,06-08-2023,East,Electronics,2,3748.08,2448.95
ORD01163,CUST0154,02-04-2023,West,Electronics,2,3680.35,3126.35
ORD01164,CUST0222,04-08-2023,East,Clothing,3,4902.27,3522.23
ORD01165,CUST0140,09-09-2023,East,Clothing,2,2407.04,1612.19
ORD01166,CUST0009,17-05-2023,North,Home Appliances,4,220.54,89.17
ORD01167,CUST0089,28-02-2024,West,Office Supplies,5,589.51,468.38
ORD01168,CUST0334,21-03-2023,North,Office Supplies,1,1894.37,1450.62
ORD01169,CUST0308,02-01-2024,West,Furniture,1,798.87,452.73
ORD01170,CUST0099,31-03-2024,North,Furniture,1,3840.42,2712.29
ORD01171,CUST0364,02-01-2024,South,Electronics,5,3201.14,2444.99
ORD01172,CUST0114,28-08-2023,West,Clothing,1,1547.63,1248.98
ORD01173,CUST0362,03-08-2023,North,Furniture,4,732.54,384.44
ORD01174,CUST0257,20-05-2024,South,Home Appliances,2,3367.22,2204.08
ORD01175,CUST0350,29-06-2023,North,Home Appliances,2,3780.67,1729.07
ORD01176,CUST0292,22-08-2023,East,Furniture,1,4961.37,3531.72
ORD01177,CUST0273,16-09-2023,West,Electronics,4,3276.64,2701.21
ORD01178,CUST0027,27-11-2023,West,Office Supplies,3,784.24,496.61
ORD01179,CUST0254,06-01-2024,North,Furniture,1,1534.08,903.62
ORD01180,CUST0230,20-11-2023,North,Office Supplies,2,1806.59,1438.13
ORD01181,CUST0013,20-08-2023,West,Electronics,2,1145.01,627.64
ORD01182,CUST0033,10-04-2023,North,Office Supplies,4,4078.68,2719.01
ORD01183,CUST0321,09-12-2023,East,Furniture,1,2473.17,2056.34
ORD01184,CUST0028,08-12-2023,South,Electronics,5,3173.92,2360.9
ORD01185,CUST0321,02-04-2024,North,Electronics,1,4600.23,2621.34
ORD01186,CUST0356,08-03-2023,South,Electronics,4,462.99,312.44
ORD01187,CUST0222,09-03-2023,North,Electronics,5,450.58,352.56
ORD01188,CUST0206,09-04-2023,West,Furniture,5,3979.88,2709.52
ORD01189,CUST0233,29-01-2024,West,Office Supplies,5,3172.31,1753.74
ORD01190,CUST0346,27-01-2023,West,Home Appliances,3,3021.5,1355.45
ORD01191,CUST0007,11-03-2023,South,Home Appliances,2,3259.35,1679.64
ORD01192,CUST0216,07-05-2024,West,Furniture,2,860.83,361.4
ORD01193,CUST0066,16-11-2023,West,Home Appliances,3,1693.7,1352.17
ORD01194,CUST0398,30-05-2023,South,Office Supplies,3,3095.98,1643.9
ORD01195,CUST0005,14-06-2024,South,Electronics,2,2634.12,2043.63
ORD01196,CUST0028,08-03-2024,East,Furniture,2,3274.66,1606.44
ORD01197,CUST0036,16-12-2023,South,Office Supplies,4,3078.86,1690.34
ORD01198,CUST0297,10-12-2023,East,Office Supplies,3,978.94,591.71
ORD01199,CUST0022,22-05-2024,South,Electronics,2,3527.46,2151.54
ORD01200,CUST0110,02-09-2023,West,Clothing,4,1185.52,572.5
ORD01201,CUST0004,07-01-2024,North,Electronics,3,344.08,155.47
ORD01202,CUST0149,26-03-2024,South,Home Appliances,3,410.74,169.78
ORD01203,CUST0102,18-10-2023,South,Furniture,3,3650.42,2018.38
ORD01204,CUST0284,09-09-2023,South,Furniture,1,1045.17,541.19
ORD01205,CUST0052,22-01-2023,South,Office Supplies,1,1824.24,902.28
ORD01206,CUST0234,03-09-2023,East,Clothing,2,4717.58,3961.33
ORD01207,CUST0320,20-03-2024,North,Electronics,2,4437.07,2035.98
ORD01208,CUST0098,16-07-2023,West,Clothing,3,3077.84,2584.28
ORD01209,CUST0126,17-02-2023,South,Home Appliances,3,3990.02,2184.36
ORD01210,CUST0028,14-10-2023,South,Home Appliances,5,4452,2199.99
ORD01211,CUST0042,26-04-2024,North,Furniture,5,2062.96,1644.36
ORD01212,CUST0385,05-06-2024,East,Office Supplies,5,2428.48,1323.09
ORD01213,CUST0192,22-06-2024,West,Office Supplies,4,1488.01,863.68
ORD01214,CUST0299,07-02-2023,South,Furniture,2,2369.98,1197.96
ORD01215,CUST0112,10-11-2023,West,Office Supplies,5,954.6,743.72
ORD01216,CUST0131,28-03-2023,South,Electronics,3,2333.63,1302.65
ORD01217,CUST0299,12-02-2023,West,Home Appliances,5,1814.6,1094.24
ORD01218,CUST0222,23-02-2024,East,Office Supplies,3,1510.49,621
ORD01219,CUST0227,28-08-2023,East,Electronics,3,4527.08,2410.82
ORD01220,CUST0257,09-06-2024,North,Clothing,2,672.36,290.53
ORD01221,CUST0020,25-07-2023,East,Furniture,3,1400.11,1029.56
ORD01222,CUST0394,09-10-2023,South,Home Appliances,2,4992.34,3687.21
ORD01223,CUST0379,25-09-2023,North,Clothing,3,4147.08,3120.29
ORD01224,CUST0207,20-02-2024,North,Office Supplies,5,4948.52,4098.22
ORD01225,CUST0204,22-08-2023,South,Furniture,4,1321.87,877.92
ORD01226,CUST0283,24-04-2024,West,Clothing,1,1702.76,825.04
ORD01227,CUST0395,03-03-2024,South,Office Supplies,4,4294.13,1775.82
ORD01228,CUST0072,12-05-2023,East,Electronics,4,4089.93,3171.47
ORD01229,CUST0174,19-08-2023,West,Office Supplies,4,3861.64,2744.6
ORD01230,CUST0154,30-11-2023,North,Home Appliances,1,4626.29,2170.48
ORD01231,CUST0170,05-02-2024,West,Furniture,4,505.8,290.28
ORD01232,CUST0244,22-04-2023,East,Home Appliances,4,3267.22,1754.79
ORD01233,CUST0088,17-04-2023,South,Electronics,5,2545.34,1231.97
ORD01234,CUST0036,31-01-2024,East,Furniture,2,1597.31,1015.85
ORD01235,CUST0233,28-02-2023,East,Home Appliances,1,1024.76,806.35
ORD01236,CUST0211,05-02-2024,South,Electronics,2,2774.97,1707.2
ORD01237,CUST0036,03-02-2024,South,Furniture,2,1686.83,1295.58
ORD01238,CUST0341,01-05-2024,South,Home Appliances,5,4707.94,3127.82
ORD01239,CUST0258,14-04-2024,East,Furniture,1,4957.21,2977.2
ORD01240,CUST0205,10-09-2023,East,Home Appliances,4,2408.98,1588.14
ORD01241,CUST0378,04-04-2023,East,Office Supplies,3,3561.52,2565.15
ORD01242,CUST0153,05-02-2024,South,Office Supplies,2,1061.97,720
ORD01243,CUST0222,13-04-2024,West,Furniture,5,658.56,470.47
ORD01244,CUST0023,03-09-2023,South,Clothing,5,1601.07,1300.6
ORD01245,CUST0358,11-08-2023,West,Office Supplies,5,781.91,442.51
ORD01246,CUST0387,18-04-2023,East,Office Supplies,4,991.23,488.99
ORD01247,CUST0023,18-04-2024,North,Electronics,4,2029.55,1493.1
ORD01248,CUST0100,11-02-2024,North,Electronics,3,750.48,609.92
ORD01249,CUST0168,20-04-2024,West,Office Supplies,1,596.23,414.77
ORD01250,CUST0366,24-03-2024,South,Office Supplies,3,4239.5,2021.25
ORD01251,CUST0010,13-04-2023,South,Clothing,1,2766.34,1593.09
ORD01252,CUST0040,12-01-2023,East,Furniture,4,1918.82,954.62
ORD01253,CUST0018,10-08-2023,West,Electronics,5,3276.86,2367.15
ORD01254,CUST0053,04-02-2024,East,Office Supplies,1,3071.39,1295.82
ORD01255,CUST0194,26-07-2023,South,Clothing,2,1159.93,472.34
ORD01256,CUST0015,15-01-2023,East,Furniture,1,1258.73,1003.24
ORD01257,CUST0341,21-06-2023,South,Electronics,4,2660,2040.3
ORD01258,CUST0166,14-07-2023,South,Home Appliances,4,4706.83,2138.6
ORD01259,CUST0110,19-04-2023,East,Clothing,2,271.97,188.83
ORD01260,CUST0007,03-02-2024,South,Office Supplies,2,516.88,396.34
ORD01261,CUST0333,13-01-2024,North,Electronics,2,2173.26,1619.94
ORD01262,CUST0256,15-04-2023,South,Clothing,1,3079.36,2591.7
ORD01263,CUST0357,02-02-2024,South,Clothing,2,3249.7,2592.56
ORD01264,CUST0163,08-05-2024,North,Clothing,1,3120.96,2070.03
ORD01265,CUST0196,07-06-2024,South,Home Appliances,5,3582.22,1454.31
ORD01266,CUST0011,08-05-2023,East,Furniture,4,3834.78,2603.41
ORD01267,CUST0031,21-05-2023,East,Office Supplies,3,1169.66,665.64
ORD01268,CUST0329,08-02-2023,South,Home Appliances,4,3748.43,2053.8
ORD01269,CUST0143,22-11-2023,North,Home Appliances,4,3310.62,1753.98
ORD01270,CUST0013,23-08-2023,East,Clothing,2,1187.92,504.07
ORD01271,CUST0341,12-09-2023,South,Home Appliances,4,2703.07,1304.49
ORD01272,CUST0323,07-01-2023,North,Office Supplies,1,4777.57,2023.05
ORD01273,CUST0073,29-07-2023,South,Electronics,2,3044.63,2356.69
ORD01274,CUST0105,30-08-2023,North,Office Supplies,4,1695.02,1228.47
ORD01275,CUST0126,10-03-2024,South,Home Appliances,2,1654.88,1091.21
ORD01276,CUST0326,26-07-2023,East,Office Supplies,1,4764.86,2676.95
ORD01277,CUST0194,21-06-2023,West,Office Supplies,4,2625.4,1918.43
ORD01278,CUST0390,09-06-2023,West,Electronics,4,2251.51,984.93
ORD01279,CUST0154,06-06-2023,South,Clothing,4,2425.53,1465.31
ORD01280,CUST0193,07-05-2024,North,Clothing,2,3631.34,1772.36
ORD01281,CUST0098,05-01-2023,North,Home Appliances,3,2558.98,2089.56
ORD01282,CUST0203,18-01-2024,West,Office Supplies,3,3277.03,2178.37
ORD01283,CUST0210,09-02-2023,North,Office Supplies,5,979.34,727.97
ORD01284,CUST0131,23-12-2023,West,Clothing,1,3324.35,2715.77
ORD01285,CUST0377,10-09-2023,South,Office Supplies,1,4623.05,2601.1
ORD01286,CUST0362,29-01-2023,South,Clothing,5,2386.26,1685.84
ORD01287,CUST0131,11-09-2023,South,Electronics,1,3900.67,2691.38
ORD01288,CUST0197,12-02-2024,North,Home Appliances,2,4404.83,2090.62
ORD01289,CUST0219,16-09-2023,East,Home Appliances,5,3360.73,1923.19
ORD01290,CUST0158,26-02-2024,North,Electronics,5,3928.12,2180.02
ORD01291,CUST0074,03-10-2023,South,Office Supplies,3,230.82,109.82
ORD01292,CUST0252,02-01-2023,North,Electronics,4,2719.82,1889.01
ORD01293,CUST0376,17-03-2024,South,Furniture,3,1094.72,504.06
ORD01294,CUST0250,06-07-2023,North,Office Supplies,5,4108.98,1986.84
ORD01295,CUST0031,07-07-2023,South,Clothing,4,2315.51,1877.5
ORD01296,CUST0056,20-06-2023,North,Clothing,1,2013.1,1055.96
ORD01297,CUST0176,31-01-2023,South,Office Supplies,4,3429.46,1527.36
ORD01298,CUST0032,30-09-2023,North,Home Appliances,1,664.84,422.21
ORD01299,CUST0004,20-01-2024,East,Office Supplies,4,3833.18,2575.77
ORD01300,CUST0173,15-01-2024,East,Clothing,2,4716.76,3298.36
ORD01301,CUST0194,28-02-2023,East,Clothing,1,214.81,170.07
ORD01302,CUST0206,23-05-2023,North,Home Appliances,1,4371.23,2298.22
ORD01303,CUST0359,12-09-2023,East,Office Supplies,5,3493.69,2765.02
ORD01304,CUST0264,28-02-2024,South,Electronics,3,279.83,157.29
ORD01305,CUST0024,30-11-2023,West,Furniture,5,2525.77,1850.49
ORD01306,CUST0042,23-12-2023,West,Office Supplies,1,3724.53,1982.34
ORD01307,CUST0100,27-05-2023,North,Furniture,4,4024.74,2155.68
ORD01308,CUST0345,23-04-2024,South,Office Supplies,1,2514.41,1617.52
ORD01309,CUST0125,05-08-2023,South,Electronics,1,2287.49,1651.78
ORD01310,CUST0083,01-12-2023,West,Clothing,2,3652.04,2555.22
ORD01311,CUST0344,07-05-2023,South,Home Appliances,4,634.12,451.05
ORD01312,CUST0115,08-03-2023,East,Office Supplies,4,3338.81,2515.08
ORD01313,CUST0224,27-08-2023,South,Clothing,1,1596.69,718.71
ORD01314,CUST0175,12-07-2023,North,Home Appliances,3,811.6,439.09
ORD01315,CUST0195,02-01-2023,East,Electronics,5,2770.89,2164.63
ORD01316,CUST0217,24-11-2023,East,Furniture,5,3385.97,2254.55
ORD01317,CUST0055,09-02-2024,North,Home Appliances,4,1716.45,1316.97
ORD01318,CUST0152,13-08-2023,West,Office Supplies,2,3087.03,1437.45
ORD01319,CUST0341,05-02-2023,East,Clothing,5,4953.61,2256.66
ORD01320,CUST0362,04-05-2024,South,Office Supplies,3,3579.87,2038.8
ORD01321,CUST0171,06-06-2023,South,Furniture,1,4631.16,3469.75
ORD01322,CUST0250,06-02-2024,East,Furniture,1,2830.13,1561.76
ORD01323,CUST0348,29-04-2024,East,Office Supplies,4,544.75,396.05
ORD01324,CUST0145,19-07-2023,West,Electronics,2,1752.41,1324.95
ORD01325,CUST0028,08-11-2023,West,Furniture,5,860.29,613.54
ORD01326,CUST0150,29-05-2023,South,Furniture,2,3729.53,1507.14
ORD01327,CUST0372,15-04-2023,South,Office Supplies,4,3461.34,1646.56
ORD01328,CUST0029,09-04-2023,East,Office Supplies,2,4736.3,2144.63
ORD01329,CUST0264,13-12-2023,West,Furniture,4,1376,623.96
ORD01330,CUST0204,15-05-2024,East,Home Appliances,2,3333.43,1896.45
ORD01331,CUST0355,02-04-2023,West,Office Supplies,3,3235.2,1942.1
ORD01332,CUST0006,03-05-2023,North,Electronics,1,2548.25,1786.21
ORD01333,CUST0261,19-08-2023,North,Home Appliances,5,4939.28,3041.48
ORD01334,CUST0356,07-04-2023,South,Office Supplies,4,4999.78,3581
ORD01335,CUST0153,09-05-2023,North,Clothing,1,3626.09,2857.34
ORD01336,CUST0276,09-07-2023,West,Electronics,4,2869.09,1840.2
ORD01337,CUST0272,15-05-2024,North,Home Appliances,5,2787.11,2141.82
ORD01338,CUST0334,08-05-2023,South,Electronics,2,4337.62,3092.06
ORD01339,CUST0003,02-04-2024,East,Electronics,1,818.32,403.27
ORD01340,CUST0083,31-03-2023,East,Electronics,1,4903.66,3078.35
ORD01341,CUST0187,25-06-2023,West,Electronics,2,1642.88,1356.68
ORD01342,CUST0266,28-10-2023,West,Furniture,5,2554.13,1381.33
ORD01343,CUST0181,06-06-2024,South,Electronics,1,1338.08,648.48
ORD01344,CUST0154,09-08-2023,South,Home Appliances,5,1236.99,694.67
ORD01345,CUST0066,08-03-2024,North,Home Appliances,3,1451.24,1004.83
ORD01346,CUST0084,14-02-2024,West,Electronics,3,3447.32,2837.45
ORD01347,CUST0074,28-07-2023,North,Clothing,2,3629.34,2372.28
ORD01348,CUST0332,07-06-2024,South,Office Supplies,2,1718.53,1296.64
ORD01349,CUST0195,27-01-2023,South,Electronics,3,798.18,358.78
ORD01350,CUST0281,21-02-2024,North,Clothing,1,1941.53,1068
ORD01351,CUST0140,30-05-2023,South,Clothing,1,670.14,563.43
ORD01352,CUST0114,23-01-2024,North,Electronics,2,2727.08,2165.25
ORD01353,CUST0302,16-05-2024,North,Home Appliances,3,3562.19,2812.1
ORD01354,CUST0283,05-10-2023,North,Electronics,2,1726.38,1274.66
ORD01355,CUST0093,20-12-2023,West,Office Supplies,5,812.35,328.41
ORD01356,CUST0263,09-06-2023,South,Furniture,4,2924.29,1521.56
ORD01357,CUST0372,15-01-2024,South,Home Appliances,4,3592.58,1733.05
ORD01358,CUST0182,24-04-2024,East,Clothing,4,2698.85,1952.11
ORD01359,CUST0118,09-11-2023,North,Clothing,4,3898.78,3042.45
ORD01360,CUST0325,23-03-2023,North,Furniture,1,992.54,422.66
ORD01361,CUST0381,20-10-2023,West,Electronics,4,3449.76,2827.42
ORD01362,CUST0070,06-05-2024,West,Home Appliances,5,3549.83,2067.64
ORD01363,CUST0316,14-07-2023,North,Office Supplies,5,3798.41,1936.82
ORD01364,CUST0379,24-06-2024,North,Home Appliances,4,4830.31,3398.29
ORD01365,CUST0392,20-06-2024,South,Furniture,1,1961.84,902.43
ORD01366,CUST0181,22-02-2023,West,Office Supplies,4,1018.32,851.7
ORD01367,CUST0174,13-09-2023,North,Clothing,3,2519,1307.71
ORD01368,CUST0002,08-02-2024,South,Clothing,5,4163.49,1731.77
ORD01369,CUST0238,14-05-2024,North,Clothing,1,3154.55,1728.21
ORD01370,CUST0182,20-04-2023,North,Clothing,2,2129.93,860.47
ORD01371,CUST0221,18-05-2024,South,Electronics,5,2668.73,1252.09
ORD01372,CUST0064,14-05-2024,North,Furniture,3,1285.26,742.77
ORD01373,CUST0154,09-01-2024,West,Furniture,5,4095.41,1838.48
ORD01374,CUST0225,25-03-2024,South,Furniture,3,3786.04,1524.31
ORD01375,CUST0364,23-07-2023,North,Furniture,3,393.23,227.11
ORD01376,CUST0381,06-12-2023,North,Furniture,2,4752.2,3953.19
ORD01377,CUST0137,02-05-2023,West,Office Supplies,5,2578.72,1822.59
ORD01378,CUST0066,29-11-2023,West,Home Appliances,4,830.8,690.36
ORD01379,CUST0011,10-05-2023,South,Clothing,5,265.51,187.98
ORD01380,CUST0027,17-12-2023,West,Home Appliances,1,2284.78,1211.53
ORD01381,CUST0249,26-03-2023,West,Furniture,5,931.98,587.2
ORD01382,CUST0128,15-10-2023,North,Clothing,2,3398.39,2015.66
ORD01383,CUST0243,16-04-2023,South,Furniture,5,3218.76,1502.93
ORD01384,CUST0062,16-05-2023,West,Electronics,3,4953.91,4052.77
ORD01385,CUST0219,19-01-2023,South,Electronics,1,2025.69,1288.82
ORD01386,CUST0359,25-08-2023,South,Clothing,4,2500.14,1573.68
ORD01387,CUST0330,22-02-2023,East,Electronics,3,1945.17,1603.5
ORD01388,CUST0365,04-03-2024,South,Clothing,1,1072.41,429.22
ORD01389,CUST0339,26-11-2023,South,Clothing,4,1544.76,1039.52
ORD01390,CUST0221,09-07-2023,East,Office Supplies,3,1804.55,812.39
ORD01391,CUST0343,14-01-2023,South,Clothing,3,3758.2,2114.45
ORD01392,CUST0399,16-01-2024,South,Clothing,2,3004.77,1319.86
ORD01393,CUST0055,14-05-2023,North,Electronics,5,4847.98,3867.81
ORD01394,CUST0098,17-07-2023,West,Electronics,1,4720.73,3203.27
ORD01395,CUST0155,30-04-2024,South,Home Appliances,2,410.29,199.51
ORD01396,CUST0282,16-09-2023,East,Clothing,4,3223.35,1459.67
ORD01397,CUST0224,11-03-2023,West,Office Supplies,5,4670.4,2927.13
ORD01398,CUST0012,20-06-2023,East,Furniture,3,418.14,273.79
ORD01399,CUST0356,14-07-2023,West,Office Supplies,5,4377.23,3664.58
ORD01400,CUST0085,24-03-2024,West,Home Appliances,4,2124.08,1109.14
ORD01401,CUST0095,04-01-2023,South,Home Appliances,2,3042.14,1228.99
ORD01402,CUST0263,11-04-2024,East,Clothing,2,1622.55,845.08
ORD01403,CUST0061,25-06-2023,South,Electronics,5,1343.44,561.01
ORD01404,CUST0076,12-10-2023,South,Clothing,1,3283.58,1681.37
ORD01405,CUST0108,29-04-2023,North,Clothing,5,4866.65,2657.45
ORD01406,CUST0362,28-09-2023,South,Office Supplies,5,1615.5,1362.46
ORD01407,CUST0321,11-01-2023,East,Furniture,3,1048.33,877.69
ORD01408,CUST0276,19-04-2023,West,Clothing,5,2844.21,2183.16
ORD01409,CUST0113,29-11-2023,East,Furniture,5,3223.04,2533.95
ORD01410,CUST0203,09-06-2023,West,Furniture,4,1969.47,1587.34
ORD01411,CUST0048,22-05-2024,South,Office Supplies,2,4114.87,1972.05
ORD01412,CUST0292,17-05-2024,South,Clothing,1,1688.77,1348.25
ORD01413,CUST0202,12-07-2023,North,Furniture,1,2246.7,1358.72
ORD01414,CUST0331,17-02-2024,North,Home Appliances,2,3688.47,2816.5
ORD01415,CUST0309,13-04-2023,West,Office Supplies,1,728.17,295.71
ORD01416,CUST0330,14-02-2023,South,Furniture,1,1484.75,1221.01
ORD01417,CUST0308,14-01-2023,North,Electronics,5,3733.43,2061.88
ORD01418,CUST0363,29-03-2023,South,Furniture,4,3846.42,3083.2
ORD01419,CUST0084,11-11-2023,East,Office Supplies,2,1370.28,883.26
ORD01420,CUST0137,07-05-2023,North,Electronics,1,2814.28,1255.6
ORD01421,CUST0213,26-05-2023,North,Furniture,1,1288.04,738.59
ORD01422,CUST0181,21-10-2023,South,Office Supplies,1,2560.74,2165.99
ORD01423,CUST0115,15-04-2023,East,Clothing,1,3155.34,1430.18
ORD01424,CUST0044,14-02-2023,South,Furniture,4,2746.31,1839.55
ORD01425,CUST0348,11-03-2024,South,Clothing,5,4124.3,2296.3
ORD01426,CUST0054,05-10-2023,West,Clothing,3,4091.45,2946.2
ORD01427,CUST0040,03-01-2023,South,Furniture,3,909.34,546.53
ORD01428,CUST0245,10-03-2023,North,Home Appliances,4,4806.01,2524.67
ORD01429,CUST0047,27-11-2023,South,Furniture,4,1892.52,1177.89
ORD01430,CUST0247,28-02-2024,East,Furniture,2,2039.29,1319.83
ORD01431,CUST0276,19-05-2024,South,Office Supplies,1,2988.63,1762.78
ORD01432,CUST0296,13-08-2023,North,Furniture,3,213.76,181.11
ORD01433,CUST0009,07-01-2024,West,Furniture,1,485.97,270.79
ORD01434,CUST0399,23-05-2023,East,Office Supplies,2,4209.21,2728.31
ORD01435,CUST0216,06-09-2023,South,Furniture,1,3785.58,1713.94
ORD01436,CUST0357,27-05-2023,West,Electronics,4,1984.08,1419.87
ORD01437,CUST0340,17-03-2023,West,Home Appliances,2,344.89,194.64
ORD01438,CUST0041,08-09-2023,North,Electronics,5,4189.13,2460.79
ORD01439,CUST0392,06-07-2023,West,Furniture,5,3553.11,1900.13
ORD01440,CUST0211,12-12-2023,West,Electronics,3,734.08,313.45
ORD01441,CUST0329,02-02-2023,South,Home Appliances,2,252.16,195.35
ORD01442,CUST0349,10-04-2024,East,Home Appliances,5,1668.96,838.3
ORD01443,CUST0081,06-10-2023,North,Home Appliances,4,4894.05,2233.2
ORD01444,CUST0109,15-02-2024,North,Furniture,4,1081.73,795.83
ORD01445,CUST0287,21-03-2023,West,Office Supplies,3,3332.96,1940.77
ORD01446,CUST0195,18-06-2023,North,Clothing,4,1134.71,509.24
ORD01447,CUST0040,07-01-2024,East,Electronics,2,1554.59,1000.7
ORD01448,CUST0034,05-08-2023,North,Clothing,2,2848.12,1957.44
ORD01449,CUST0017,04-09-2023,East,Electronics,5,2911.02,1902.88
ORD01450,CUST0248,16-02-2023,North,Clothing,1,4728.84,1909.58
ORD01451,CUST0183,17-10-2023,West,Home Appliances,2,1709.47,984.29
ORD01452,CUST0183,13-05-2023,North,Clothing,4,4503.25,2821.78
ORD01453,CUST0258,03-06-2023,North,Home Appliances,4,2489.37,1969.01
ORD01454,CUST0020,25-10-2023,South,Furniture,4,578.01,394.02
ORD01455,CUST0368,26-08-2023,South,Furniture,2,4968.4,3108.87
ORD01456,CUST0374,19-06-2024,East,Office Supplies,2,1827.3,1027.2
ORD01457,CUST0221,10-02-2023,West,Furniture,2,4985.65,3355.81
ORD01458,CUST0079,24-05-2024,North,Electronics,2,3878.32,2091.55
ORD01459,CUST0045,25-05-2024,North,Office Supplies,3,1014.64,540.83
ORD01460,CUST0035,14-10-2023,East,Clothing,1,541.44,389.73
ORD01461,CUST0236,22-09-2023,West,Clothing,4,3321.4,1538.48
ORD01462,CUST0064,14-05-2024,North,Clothing,3,2124.51,1669.12
ORD01463,CUST0349,13-05-2023,West,Clothing,5,4255.21,3525.1
ORD01464,CUST0192,27-03-2023,West,Home Appliances,4,1461.57,1160.47
ORD01465,CUST0350,13-02-2023,North,Furniture,5,238.13,186.66
ORD01466,CUST0149,20-01-2024,South,Home Appliances,4,4298.38,2150.79
ORD01467,CUST0237,06-04-2023,East,Office Supplies,4,3283.93,2643.75
ORD01468,CUST0239,22-04-2023,North,Furniture,1,4603.81,3752.66
ORD01469,CUST0394,19-03-2024,South,Office Supplies,3,509.46,282.29
ORD01470,CUST0310,12-05-2024,South,Office Supplies,1,1536.2,640.94
ORD01471,CUST0080,26-04-2024,South,Furniture,3,2927.39,2472.22
ORD01472,CUST0397,25-01-2024,North,Clothing,4,4897.09,2429.15
ORD01473,CUST0109,24-01-2023,West,Clothing,3,3251.3,1422.82
ORD01474,CUST0036,08-10-2023,West,Electronics,3,4394.12,2650.27
ORD01475,CUST0215,21-06-2024,South,Clothing,2,4186.64,1848.81
ORD01476,CUST0220,17-12-2023,East,Furniture,2,1876.53,1104.52
ORD01477,CUST0244,14-06-2023,West,Clothing,5,2067.86,836.39
ORD01478,CUST0306,23-07-2023,North,Home Appliances,5,894.16,624.86
ORD01479,CUST0376,21-11-2023,North,Furniture,4,4682.33,2925.29
ORD01480,CUST0163,27-04-2023,West,Clothing,5,3666.97,3097.52
ORD01481,CUST0065,05-04-2024,North,Electronics,2,3779.4,1830.91
ORD01482,CUST0357,20-06-2023,West,Furniture,3,1206.86,586.56
ORD01483,CUST0348,15-01-2023,East,Clothing,1,1649.33,887.56
ORD01484,CUST0064,26-05-2024,West,Office Supplies,4,1888.3,1459.06
ORD01485,CUST0219,19-06-2024,East,Electronics,2,2402.35,1364.31
ORD01486,CUST0284,16-06-2023,West,Office Supplies,3,4256.44,3021.42
ORD01487,CUST0224,18-10-2023,North,Electronics,1,630.26,256.76
ORD01488,CUST0211,17-04-2023,West,Home Appliances,5,678.57,407.04
ORD01489,CUST0298,03-02-2023,East,Office Supplies,2,1269.82,767.71
ORD01490,CUST0196,28-04-2023,South,Office Supplies,1,1882.95,1425.75
ORD01491,CUST0238,27-02-2024,West,Electronics,3,3954.54,2485.04
ORD01492,CUST0138,28-09-2023,East,Office Supplies,2,219.96,177.96
ORD01493,CUST0017,16-01-2023,North,Furniture,3,4235.69,2683.45
ORD01494,CUST0380,22-11-2023,East,Furniture,5,4965.58,2526.61
ORD01495,CUST0201,17-07-2023,West,Electronics,5,2259.69,1859.11
ORD01496,CUST0200,27-06-2023,West,Clothing,5,960.53,484.05
ORD01497,CUST0364,10-05-2023,North,Home Appliances,4,4246.55,2897.39
ORD01498,CUST0134,12-06-2023,East,Furniture,1,647.67,386.56
ORD01499,CUST0322,06-06-2023,North,Home Appliances,5,4618.85,2011.27
ORD01500,CUST0196,26-01-2023,South,Office Supplies,3,1095.46,759.85
